text,favorited,favoriteCount,replyToSN,created,truncated,replyToSID,id,replyToUID,statusSource,screenName,retweetCount,isRetweet,retweeted,longitude,latitude
"ฺู ฺฉ ุงุดุง ฺฉ ุจุฑูู ุชุฌุงุฑุช  ูฺบ ุฑูุงฺบ ุณุงู ฺฉ ูพู 11 ูุง ฺฉ ุฏูุฑุงู ฺฏุฒุดุช ุณุงู ฺฉ ูุณุจุช 8.6 ูุตุฏ  ุงุถุงู ูุง
ุณุฑฺฉุงุฑ ุงุนุฏโฆ https://t.co/ixv4BmUbJI",FALSE,0,NA,2022-12-08T04:40:00Z,TRUE,NA,1600711769332367360,NA,"<a href=""https://mobile.twitter.com"" rel=""nofollow"">Twitter Web App</a>",XinhuaUrdu,0,FALSE,FALSE,NA,NA
ฺู ุฑูุณ ุงุณูน ุฑููน ูุฏุฑุช ฺฏุณ ูพุงุฆูพ ูุงุฆู ููุตูุจ ฺฉุง ุงฺฉ ุงู ุญุต ูฺฉูู ู ฺฏุง ุ ุฌุณ ุณ ุฑูุณ ุณ ูุฏุฑุช ฺฏุณ ฺฉู ฺู ฺฉ ูุดุฑู ุงูุชโฆ https://t.co/eSBMkPXSDZ,FALSE,1,NA,2022-12-07T16:00:01Z,TRUE,NA,1600520513037762562,NA,"<a href=""https://mobile.twitter.com"" rel=""nofollow"">Twitter Web App</a>",XinhuaUrdu,0,FALSE,FALSE,NA,NA
ฺู ุตุงุฑูู ูฺบ ุณููุฏุฑ ฺฉฺฉฺ (ุงฺฉ ุณููุฏุฑ ุฌุงููุฑ) ฺฉ ุจฺฺพุช ูุฆ ุทูุจ ฺฉ ูพุด ูุธุฑุ ูพุงูุงู ูฺบ ุณููุฏุฑ ฺฉฺฉฺ ฺฉุงุดุช ฺฉุฑู ูุงูโฆ https://t.co/jUu0vcjyib,FALSE,2,NA,2022-12-07T15:35:00Z,TRUE,NA,1600514218247200768,NA,"<a href=""https://mobile.twitter.com"" rel=""nofollow"">Twitter Web App</a>",XinhuaUrdu,0,FALSE,FALSE,NA,NA
ฺู ฺุงุฆ ฺฉุณ ุจูุช  ุงูุฑ ฺู ฺฉ ฺุงุฆ ฺฉ ุซูุงูุช ูฺบ ฺฉุง ูููุฑุฏ   ุฌุงูู ฺฉ ู ฺุงุฆ ฺฉ ุณูุฑ ฺฉ ู ุงู ฺฉุงุฑูนุฑ ฺฉ ูพโฆ https://t.co/m3FYfclhn4,FALSE,0,NA,2022-12-07T15:25:54Z,TRUE,NA,1600511930078306304,NA,"<a href=""https://mobile.twitter.com"" rel=""nofollow"">Twitter Web App</a>",XinhuaUrdu,0,FALSE,FALSE,NA,NA
ฺู ฺฉ ุนูุงู ุณูฺฉุงูฺฏ ูฺบ ุงุณฺฉ ฺฉ ูุฆ ุณุฒู ฺฉุง ุขุบุงุฒ ู ฺฏุง  ูพุงฺ ููุงุธุฑ ุงูุฑ ุณุฑุฏูฺบ ฺฉ ุทูู ููุณููฺบ ูพุฑ ูุฎุฑ ฺฉุฑุช ูุฆโฆ https://t.co/uqhLaq8PSu,FALSE,0,NA,2022-12-07T14:37:00Z,TRUE,NA,1600499621750611970,NA,"<a href=""https://mobile.twitter.com"" rel=""nofollow"">Twitter Web App</a>",XinhuaUrdu,0,FALSE,FALSE,NA,NA
"ูู ุงุฑฺฉ ุดุฑ ฺฉ ุงฺฉ ุฌูุฑ ู ุณุงุจู ุตุฏุฑ ฺูููฺ ูนุฑููพ ฺฉ ุฑุฆู ุงุณูนูน ฺฉููพู ฺฉู ูนฺฉุณ ูุฑุงฺ ฺฉุง ูุฌุฑู ูุฑุงุฑ ุฏุง 
ุฌูุฑ ู ูนุฑูโฆ https://t.co/3bIp2c8Cil",FALSE,1,NA,2022-12-07T14:05:00Z,TRUE,NA,1600491569383096321,NA,"<a href=""https://mobile.twitter.com"" rel=""nofollow"">Twitter Web App</a>",XinhuaUrdu,0,FALSE,FALSE,NA,NA
RT @XinhuaUrdu: ฺู  ูนฺฉูุงููุฌ  ฺฉููพู ูุงู ู ุงุชฺพููพุง ฺฉ ูููุฑุณูน ฺฉ ุทูุจุงุก ฺฉ ูุฆ ุงฺฉ ูพุฑูฺฏุฑุงู ฺฉุง ุงูุนูุงุฏ ฺฉุง  ฺฉููพู ู ุงูพู  ุณฺุฒ ูุงุฑโฆ,FALSE,0,NA,2022-12-07T14:03:59Z,FALSE,NA,1600491314201907201,NA,"<a href=""http://twitter.com/download/iphone"" rel=""nofollow"">Twitter for iPhone</a>",AliHumdani,1,TRUE,FALSE,NA,NA
ฺู  ูนฺฉูุงููุฌ  ฺฉููพู ูุงู ู ุงุชฺพููพุง ฺฉ ูููุฑุณูน ฺฉ ุทูุจุงุก ฺฉ ูุฆ ุงฺฉ ูพุฑูฺฏุฑุงู ฺฉุง ุงูุนูุงุฏ ฺฉุง  ฺฉููพู ู ุงูพูโฆ https://t.co/kan5ZvDd2i,FALSE,5,NA,2022-12-07T13:40:00Z,TRUE,NA,1600485276807319556,NA,"<a href=""https://mobile.twitter.com"" rel=""nofollow"">Twitter Web App</a>",XinhuaUrdu,1,FALSE,FALSE,NA,NA
ฺู ู ุดูุงู ูุบุฑุจ ุนูุงู ูฺบ ูุงูุน ุฌูฺฺพูุงู ุณูนูุงุฆูน ูุงูฺ ูุฑฺฉุฒ ุณ ุงฺฉ ูุง ุขุฒูุงุฆุด ุณูนูุงุฆูน ฺฉุงูุงุจ ฺฉ ุณุงุชฺพ ุฎูุง ูฺบ ุจฺพุฌโฆ https://t.co/em5cDtuoLM,FALSE,3,NA,2022-12-07T13:23:00Z,TRUE,NA,1600480998742839296,NA,"<a href=""https://mobile.twitter.com"" rel=""nofollow"">Twitter Web App</a>",XinhuaUrdu,0,FALSE,FALSE,NA,NA
ููุงุฆุดุง ุงูุฑ ฺู ฺฉ ุฏุฑูุงู ุณูุงุฑุช ุชุนููุงุช ฺฉ 48 ูฺบ ุณุงูฺฏุฑ ูพุฑ ููุงุฆุดุง ฺฉ ุดุฑ ุตุจุงุญ ฺฉ ฺฉููนุง ฺฉูุงุจุงูู ูฺบ ุฏูุณุช ุฏูฺ ฺฉุงโฆ https://t.co/A7vuO70Ibk,FALSE,2,NA,2022-12-07T12:56:00Z,TRUE,NA,1600474203773292546,NA,"<a href=""https://mobile.twitter.com"" rel=""nofollow"">Twitter Web App</a>",XinhuaUrdu,0,FALSE,FALSE,NA,NA
ุจุฌูฺฏ 2022 ุณุฑูุงุฆ ุงููููพฺฉุณ ุงูุฑ ูพุฑุงูููพฺฉุณ ฺฉ ู ุจู ุงูุงููุงู ุงููููพฺฉ ฺฉููน (ุขุฆ ุงู ุณ) ฺฉ ุฑุงุจุท ฺฉูุดู ู ุญุชู ุฑูพูุฑูน ุดโฆ https://t.co/RJGvGyxBSi,FALSE,2,NA,2022-12-07T12:19:00Z,TRUE,NA,1600464892892528645,NA,"<a href=""https://mobile.twitter.com"" rel=""nofollow"">Twitter Web App</a>",XinhuaUrdu,0,FALSE,FALSE,NA,NA
ุงู ฺฺพูุขู-ูุงู ฺู ุชุฒ ุฑูุชุงุฑ ุฑูู ฺฉุง ุขุฎุฑ ุญุตุ ฺููฺฏ ู-ูุงู ฺู ุฑูู ฺฉ ู ูนุฑฺฉ ุจฺฺพุงู ฺฉุง ฺฉุงูุ ุดูุงู ูุบุฑุจ ฺู ฺฉ ูฺฏุดโฆ https://t.co/v8dEHOoxD4,FALSE,1,NA,2022-12-07T11:58:00Z,TRUE,NA,1600459607876444160,NA,"<a href=""https://mobile.twitter.com"" rel=""nofollow"">Twitter Web App</a>",XinhuaUrdu,0,FALSE,FALSE,NA,NA
ุงูุฑฺฉู ุงฺฉฺู ุขู ูพฺุงูนุฑฺฉุณ (ุง ุง ูพ) ุงูุฑ ฺูฺุฑู ุงุณูพูนู ุงุณูุณ ุงุดู ฺฉ ุชุงุฒ ุชุฑู ุฑูพูุฑูน ฺฉ ูุทุงุจู ุงูุฑฺฉ ูฺบ ูุจุง ฺฉ ุขโฆ https://t.co/YDj5QIgzwV,FALSE,1,NA,2022-12-07T11:37:00Z,TRUE,NA,1600454322830987266,NA,"<a href=""https://mobile.twitter.com"" rel=""nofollow"">Twitter Web App</a>",XinhuaUrdu,0,FALSE,FALSE,NA,NA
ฺู ฺฉ ูุดุฑู ุตูุจ ุฌุงูฺฏ ุณู ฺฉ ุฏุงุฑุงูุญฺฉููุช ูุงูุฌูฺฏ ูฺบ ูุชู ุนุงู ฺฉ ุฏูุฑุงู ุฒูุฏ ุจฺ ุฌุงู ูุงู ุดุงูฺฏ ูุขู ุณููฺฏ ฺฉุง ูุงูุฌูฺฏ ูโฆ https://t.co/jkVKfOJ5We,FALSE,2,NA,2022-12-07T11:13:32Z,TRUE,NA,1600448418081832960,NA,"<a href=""https://mobile.twitter.com"" rel=""nofollow"">Twitter Web App</a>",XinhuaUrdu,0,FALSE,FALSE,NA,NA
"RT @ZhaLiyou: Heart-felt gratitude to G. Devarajan, Secretary, Central Committee of All India Forward Bloc for offering AIFB's condolence oโฆ",FALSE,0,NA,2022-12-07T11:03:16Z,FALSE,NA,1600445834432491520,NA,"<a href=""http://twitter.com/download/android"" rel=""nofollow"">Twitter for Android</a>",DanielKhoo18,13,TRUE,FALSE,NA,NA
ฺู ฺฉ ุตุฏุฑ ุด ุฌู ูพฺพูฺฏ ุณุนูุฏ ูุฑูุงูุฑูุง ุดุง ุณููุงู ุจู ุนุจุฏุงูุนุฒุฒ ุขู ุณุนูุฏ ฺฉ ุฏุนูุช ูพุฑ 7 ุณ 10 ุฏุณูุจุฑ ุชฺฉ ุณุนูุฏ ุนุฑุจ ฺฉุง ุณุฑฺฉุงุฑโฆ https://t.co/1HvVQYhOfK,FALSE,3,NA,2022-12-07T11:00:41Z,TRUE,NA,1600445184604454912,NA,"<a href=""https://mobile.twitter.com"" rel=""nofollow"">Twitter Web App</a>",XinhuaUrdu,0,FALSE,FALSE,NA,NA
ุงฺฉ ุงุณ ูููุน ูพุฑ ุฌุจ ฺู ูุงุญูู ุฏูุณุช ุชูุงูุงุฆ ฺฉู ุจฺพุฑูพูุฑ ุทุฑู ุณ ูุฑูุบ ุฏ ุฑุง ุ ุฏุฑุงุฆ ุฌูุดุง ูพุฑ ูุงุฆู ฺุงุฑ ุจฺ ุงุฆฺุฑู ูพโฆ https://t.co/NmiVLxINsy,FALSE,3,NA,2022-12-07T06:47:36Z,TRUE,NA,1600381493699674112,NA,"<a href=""https://mobile.twitter.com"" rel=""nofollow"">Twitter Web App</a>",XinhuaUrdu,0,FALSE,FALSE,NA,NA
"ฺู ฺฉ ฺฉูุฑุฆุฑ ฺฉ ุดุนุจ ูฺบ ุชุฒ ุณ ุจุญุงู ูุฆ 
ุฌูุน ุณ ุงุชูุงุฑ ุชฺฉ ุฑูุฒุงู ุงูุณุทุงู 30 ฺฉุฑูฺ ุณ ุฒุงุฆุฏ ูพุงุฑุณู ูููนุงุฆุฌุงุช โฆ https://t.co/1ogf8d5NDa",FALSE,4,NA,2022-12-07T04:30:00Z,TRUE,NA,1600346864678641665,NA,"<a href=""https://mobile.twitter.com"" rel=""nofollow"">Twitter Web App</a>",XinhuaUrdu,0,FALSE,FALSE,NA,NA
"https://t.co/fHjdVyxltt 
ููุจูุถ ฺฉุดูุฑ ูฺบ ูุฏูุณุชุงู ูพููุณ ู ุณูุฆุฑ ุตุญุงู ุฎุงูุฏ ฺฏู ฺฉู ฺฏุฑูุชุงุฑ ฺฉุฑ ูุง
@antonioguterresโฆ https://t.co/18tmBnTyfF",FALSE,0,NA,2022-12-06T16:40:23Z,TRUE,NA,1600168286943006736,NA,"<a href=""https://mobile.twitter.com"" rel=""nofollow"">Twitter Web App</a>",Kashmirstate,0,FALSE,FALSE,NA,NA
"RT @XinhuaUrdu: ุงุณูุญ ฺฉ ุนุงูู ูุฑูุฎุช ูฺบ ุงูุฑฺฉ ฺฉููพููฺบ ฺฉุง ุบูุจ 
ุงุณูนุงฺฉ ูู ุงููนุฑูุดูู ูพุณ ุฑุณุฑฺ ุงูุณูน ูนููน ู ุงฺฉ ุฑูพูุฑูน ูฺบ ุจุชุงุง  ฺฉ ุฏโฆ",FALSE,0,NA,2022-12-06T16:30:19Z,FALSE,NA,1600165752002138115,NA,"<a href=""http://twitter.com/download/iphone"" rel=""nofollow"">Twitter for iPhone</a>",fayyaz_fayaz,1,TRUE,FALSE,NA,NA
ุจูุฏูู ฺฉ ุชุดุฏุฏ ุงูุฑ ููฺฉุช ุฏูููฺบ ูฺบ ุงุถุงู ฺฉ ูุฌ ุณ ุงูุฑฺฉ ูฺบ ูพฺฺพู ุชู ุฏุงุฆูฺบ ุณ ุฒุงุฏ ฺฉ ุฏูุฑุงู ุขุชุดู ุงุณูุญ ุณ ุฏุณโฆ https://t.co/rCNH7fQ7aB,FALSE,2,NA,2022-12-06T16:01:00Z,TRUE,NA,1600158373290414083,NA,"<a href=""https://mobile.twitter.com"" rel=""nofollow"">Twitter Web App</a>",XinhuaUrdu,0,FALSE,FALSE,NA,NA
ฺูุ ุฏุงุฑุงูุญฺฉููุช ุจุฌูฺฏ ูฺบ ุฑุดุนุจ  ุงุฆ ุฒูุฏฺฏ ุณ ูุงุจุณุช ุงูุฑุงุฏ ูุทุงุฑ ูฺบ ฺฉฺพฺ ุฑุฏูุนุฒุฒ ุขูุฌุงู ุฑููุง ฺฉุงูุฑฺ ุฌุงูฺฏ ฺููโฆ https://t.co/rizvJU6FLM,FALSE,1,NA,2022-12-06T14:07:05Z,TRUE,NA,1600129704765231104,NA,"<a href=""https://mobile.twitter.com"" rel=""nofollow"">Twitter Web App</a>",XinhuaUrdu,0,FALSE,FALSE,NA,NA
ฺู ฺฉ ุชุงู ฺฏููฺฏ ุฎูุงุฆ ุงุณูนุดู ุณ ุดู ฺู 14 ฺฉ ุนูู ฺฉ ูุงูพุณ ฺฉ ุจุนุฏ ุฎูุง ูฺบ  ฺฉ  ฺฏุฆ ุณุงุฆูุณ ุชุฌุฑุจุงุช ูููููฺบ ฺฉ ุชุณุฑโฆ https://t.co/WR3DePccp3,FALSE,2,NA,2022-12-06T13:43:12Z,TRUE,NA,1600123696194019334,NA,"<a href=""https://mobile.twitter.com"" rel=""nofollow"">Twitter Web App</a>",XinhuaUrdu,0,FALSE,FALSE,NA,NA
RT @XinhuaUrdu: ฺู ู ุฑูุงุช ฺู ุทุจ ฺฉ ุขู ูุงุฆู ุฎุฏูุงุช ฺฉู ูุฑูุบ ุฏู ฺฉุง ููุตูุจ ุฌุงุฑ  ฺฉุฑุฏุง https://t.co/w9XXd8w45z,FALSE,0,NA,2022-12-06T13:34:38Z,FALSE,NA,1600121537830739971,NA,"<a href=""http://twitter.com/download/iphone"" rel=""nofollow"">Twitter for iPhone</a>",AliHumdani,1,TRUE,FALSE,NA,NA
ฺู ู ุฑูุงุช ฺู ุทุจ ฺฉ ุขู ูุงุฆู ุฎุฏูุงุช ฺฉู ูุฑูุบ ุฏู ฺฉุง ููุตูุจ ุฌุงุฑ  ฺฉุฑุฏุง https://t.co/w9XXd8w45z,FALSE,3,NA,2022-12-06T13:34:07Z,FALSE,NA,1600121407962128384,NA,"<a href=""https://mobile.twitter.com"" rel=""nofollow"">Twitter Web App</a>",XinhuaUrdu,1,FALSE,FALSE,NA,NA
ุงูุฑฺฉ ูุฑูพ ุชุนุงูู ุณฺฉุณ  ุชุณุฑ ูุฑู ฺฉู ฺฉุงูุดุงู ูฺบ ุจูุงูุง ฺุงุฆุ ฺู https://t.co/bWiV3LYmI9,FALSE,2,NA,2022-12-06T13:06:19Z,FALSE,NA,1600114415285723136,NA,"<a href=""https://mobile.twitter.com"" rel=""nofollow"">Twitter Web App</a>",XinhuaUrdu,0,FALSE,FALSE,NA,NA
ุขุณูนุฑูุง ฺฉ ุดุฑ ุณฺู ูฺบ ุขุณูุงู ฺฉ ุฏุฑูุงู ฺูฺฉุฏุงุฑ ุจุฌู ุจุงุฏููฺบ ุณ ูพฺพููน ุงูุฑ ุฏูุฑ ุฏุฑุงุฒ ูุงุฏ ูฺบ ูพฺพู ฺฏุฆ  ุฑุงุช ุจฺพุฑ ุฌุงููโฆ https://t.co/NMJknsa9uT,FALSE,4,NA,2022-12-06T12:34:16Z,TRUE,NA,1600106346065502212,NA,"<a href=""https://mobile.twitter.com"" rel=""nofollow"">Twitter Web App</a>",XinhuaUrdu,0,FALSE,FALSE,NA,NA
ูุจุตุฑู ู ฺฉุง  ฺฉ ุงูุณุงู ุญููู ูฺบ ฺู ฺฉุง ุชุฌุฑุจ ุฎุท ฺฉ ููฺฏูฺบ ุงูุฑ ุชุฑู ุงูุฑ ุฎูุดุญุงู ฺฉ ุฎูุงุงฺบ ููฺฏูฺบ ฺฉ ู ูุชุงุซุฑ ฺฉูโฆ https://t.co/3uxKcszgQb,FALSE,0,NA,2022-12-06T12:15:49Z,TRUE,NA,1600101703122006016,NA,"<a href=""https://mobile.twitter.com"" rel=""nofollow"">Twitter Web App</a>",XinhuaUrdu,0,FALSE,FALSE,NA,NA
"ุงุณูุญ ฺฉ ุนุงูู ูุฑูุฎุช ูฺบ ุงูุฑฺฉ ฺฉููพููฺบ ฺฉุง ุบูุจ 
ุงุณูนุงฺฉ ูู ุงููนุฑูุดูู ูพุณ ุฑุณุฑฺ ุงูุณูน ูนููน ู ุงฺฉ ุฑูพูุฑูน ูฺบ ุจุชุงุงโฆ https://t.co/3Dx5dXDAo5",FALSE,1,NA,2022-12-06T11:44:02Z,TRUE,NA,1600093705872052224,NA,"<a href=""https://mobile.twitter.com"" rel=""nofollow"">Twitter Web App</a>",XinhuaUrdu,1,FALSE,FALSE,NA,NA
ุงฺฉูุงูฺฉ ฺฉููููน ุขู ูุณูน ุงูุฑูู ุงุณูนูนุณ (ุง ุณ ุงู ฺุจูู ุง ุงุณ) ฺฉ ูุณุชูู ฺ ฺฉูุงุฑูนุฑ ฺฉุง ฺู ฺฉ ุชุนุงูู ุณ ูุงุฆุฌุฑุง ฺฉ ุฏุงโฆ https://t.co/oh8wkA4p20,FALSE,0,NA,2022-12-06T11:22:18Z,TRUE,NA,1600088235220213760,NA,"<a href=""https://mobile.twitter.com"" rel=""nofollow"">Twitter Web App</a>",XinhuaUrdu,0,FALSE,FALSE,NA,NA
ฺู ฺฉู ุงูุฏ  ฺฉ ูุชุนูู ููุงูฺฉ ุงูุฑ ุจู ุงูุงููุงู ูุงูุงุช ุงุฏุงุฑ ุณุฑ ููฺฉุง ฺฉู ููุฌูุฏ ูุดฺฉูุงุช ุณ ูฺฉุงูู ูฺบ ูุฏุฏ ฺฉ ูุฆ ูุซโฆ https://t.co/GnG2DCk7pY,FALSE,1,NA,2022-12-06T10:53:21Z,TRUE,NA,1600080950095855616,NA,"<a href=""https://mobile.twitter.com"" rel=""nofollow"">Twitter Web App</a>",XinhuaUrdu,0,FALSE,FALSE,NA,NA
ุดู ฺู-14 ุงูุณุงู ุจุฑุฏุงุฑ ุฎูุงุฆ ุฌุงุฒ ูพุฑ ุณูุงุฑ ุชู ฺู ุฎูุงุจุงุฒ ุงุชูุงุฑ ฺฉ ุฑูุฒ ุจุญูุงุธุช ุฒูู ูพุฑ ูุงูพุณ ุขฺฏุฆ 60 ุณฺฉูฺ ูฺบ ุงู ฺฉโฆ https://t.co/V2jRlgtx1x,FALSE,0,NA,2022-12-06T10:21:00Z,TRUE,NA,1600072809241350144,NA,"<a href=""https://mobile.twitter.com"" rel=""nofollow"">Twitter Web App</a>",XinhuaUrdu,0,FALSE,FALSE,NA,NA
ุงูุฑฺฉุ ุฑูุงฺบ ุณุฒู ฺฉ ุฏูุฑุงู ูุฒู ุณ 4 ุฒุงุฑ 500 ุงููุงุช ุฑฺฉุงุฑฺ https://t.co/GNsLy1ZO2H,FALSE,0,NA,2022-12-06T09:48:22Z,FALSE,NA,1600064598719098887,NA,"<a href=""https://mobile.twitter.com"" rel=""nofollow"">Twitter Web App</a>",XinhuaUrdu,0,FALSE,FALSE,NA,NA
RT @XinhuaUrdu:  ุซูุงูุช ูพุฑ 2022 ฺฉ ุนุงูู ููุฑู ูฺบ ุดุฑฺฉุช ฺฉุฑู ูุงู ุดุฑฺฉุงุก ู ฺฉุง ฺฉ ฺู ฺฉ  ุซูุงูุชุ ุฌู ู ุขูฺฏ ุงูุฑ ุงุฌุชูุงุน ฺฉุง ุญูุงู ุฏุชโฆ,FALSE,0,NA,2022-12-06T09:15:34Z,FALSE,NA,1600056342886203394,NA,"<a href=""http://twitter.com/download/android"" rel=""nofollow"">Twitter for Android</a>",Rahmadi85032665,1,TRUE,FALSE,NA,NA
 ุซูุงูุช ูพุฑ 2022 ฺฉ ุนุงูู ููุฑู ูฺบ ุดุฑฺฉุช ฺฉุฑู ูุงู ุดุฑฺฉุงุก ู ฺฉุง ฺฉ ฺู ฺฉ  ุซูุงูุชุ ุฌู ู ุขูฺฏ ุงูุฑ ุงุฌุชูุงุน ฺฉุง ุญูโฆ https://t.co/TH2EB8ckkm,FALSE,0,NA,2022-12-06T09:11:06Z,TRUE,NA,1600055218170777600,NA,"<a href=""https://mobile.twitter.com"" rel=""nofollow"">Twitter Web App</a>",XinhuaUrdu,1,FALSE,FALSE,NA,NA
ุจุฌูฺฏ ฺฉ ุนุธู ุนูุงู ุงู ูฺบ ุฌุงูฺฏ ฺ ูู ฺฉ ุงุฏ ูฺบ ุชุนุฒุช ุงุฌูุงุณ ฺฉุงุงูุนูุงุฏ ูุง ุงู ฺฉุง ุงูุชูุงู 30 ูููุจุฑ ฺฉู 96 ุจุฑุณ ฺฉ ุนโฆ https://t.co/vyQKBHGWdO,FALSE,1,NA,2022-12-06T08:36:40Z,TRUE,NA,1600046551921053699,NA,"<a href=""https://mobile.twitter.com"" rel=""nofollow"">Twitter Web App</a>",XinhuaUrdu,0,FALSE,FALSE,NA,NA
ุญุงู ุจุฑุณูฺบ ฺฉ ุฏูุฑุงู ฺู ฺฉ ฺฺพููฺฏ ฺฺพูฺฏ ฺฉ ูุจ ุถูุน ู ุฑูุงุช ุตูุนุชูฺบ ฺฉ ุชุจุฏู ุงูุฑ ุงููนู ุฌููน ููููฺฉฺุฑูฺฏ ฺฉ ุชุฑู ฺฉโฆ https://t.co/gX0T3cnzxp,FALSE,5,NA,2022-12-06T04:43:00Z,TRUE,NA,1599987748437467137,NA,"<a href=""https://mobile.twitter.com"" rel=""nofollow"">Twitter Web App</a>",XinhuaUrdu,0,FALSE,FALSE,NA,NA
RT @XinhuaUrdu: ฺู ูฺบ ูุนุงุฑ ฺฉ ูฺฏุฑุงฺบ ุงุนููฐ ุงุฏุงุฑ ู ฺฉุง  ฺฉ ุงูฺฉูนุฑฺฉ ฺฉุงุฑ ุณุงุฒ ูนุณูุง ฺู ูฺบ 4 ูุงฺฉฺพ 35 ุฒุงุฑ 132 ฺฏุงฺูฺบ ฺฉู ูุงูพุณ ููฺฏูุงุฆ ฺฏุงโฆ,FALSE,0,NA,2022-12-06T02:40:04Z,FALSE,NA,1599956811523948545,NA,"<a href=""http://twitter.com/download/iphone"" rel=""nofollow"">Twitter for iPhone</a>",AliHumdani,2,TRUE,FALSE,NA,NA
RT @XinhuaUrdu: ููุงู ุญฺฉุงู ฺฉ ูุทุงุจู ฺู ฺฉ ุดูุงู ุตูุจ ุจ ฺฉ ูููฺฏ ุงุค ฺฉุงุคููน ูฺบ ุณุงู 1286 ฺฉุง ุงฺฉ ูพุชฺพุฑฺฉุง ฺฉุชุจ ุฏุฑุงูุช ูุง  ุฌู ูุขู ุนุฏ (12โฆ,FALSE,0,NA,2022-12-05T19:41:16Z,FALSE,NA,1599851416373587969,NA,"<a href=""http://twitter.com/download/android"" rel=""nofollow"">Twitter for Android</a>",Asma_Hayyaat,1,TRUE,FALSE,NA,NA
RT @XinhuaUrdu: ุขุฑูู ุดูุจุฑุ ุขุณูนุฑุง ฺฉ ุงฺฉ ุชุงุฌุฑุ ฺู ูฺบ ุงูพู ุฒูุฏฺฏ ฺฉ ูุญุจุช ุณ ูู ุงูุฑ ูุดุฑู ฺู ฺฉ ุงููุฆ ฺฉ ุงฺฉ ุฎูุจุตูุฑุช ฺฏุงุคฺบ ูฺบ ุขุจุงุฏ ู ฺฏโฆ,FALSE,0,NA,2022-12-05T17:03:35Z,FALSE,NA,1599811737431072775,NA,"<a href=""http://twitter.com/download/android"" rel=""nofollow"">Twitter for Android</a>",abdul_news1,1,TRUE,FALSE,NA,NA
ุขุฑูู ุดูุจุฑุ ุขุณูนุฑุง ฺฉ ุงฺฉ ุชุงุฌุฑุ ฺู ูฺบ ุงูพู ุฒูุฏฺฏ ฺฉ ูุญุจุช ุณ ูู ุงูุฑ ูุดุฑู ฺู ฺฉ ุงููุฆ ฺฉ ุงฺฉ ุฎูุจุตูุฑุช ฺฏุงุคฺบ ูฺบ ุขโฆ https://t.co/Tkc1UIAeRv,FALSE,1,NA,2022-12-05T17:03:00Z,TRUE,NA,1599811588403482625,NA,"<a href=""https://mobile.twitter.com"" rel=""nofollow"">Twitter Web App</a>",XinhuaUrdu,1,FALSE,FALSE,NA,NA
RT @XinhuaUrdu: ฺฏุฑ ุฎูุง ูฺบ ุชุญูู ฺฉุฑู ูุงู ฺู ูุจุงุฑูนุฑ ุฌุณ ู ุฑูุงฺบ ุณุงู ุฌูู ูฺบ ฺฉุงู ุดุฑูุน ฺฉุง ุชฺพุงุ ุฏูุง ุจฺพุฑ ุณ ุงุนููฐ ูุฑ ููุฏูฺบ ฺฉู ุจฺพุฑุช ฺฉุฑโฆ,FALSE,0,NA,2022-12-05T16:46:13Z,FALSE,NA,1599807366181969924,NA,"<a href=""http://twitter.com/download/iphone"" rel=""nofollow"">Twitter for iPhone</a>",AliHumdani,1,TRUE,FALSE,NA,NA
ฺฏุฑ ุฎูุง ูฺบ ุชุญูู ฺฉุฑู ูุงู ฺู ูุจุงุฑูนุฑ ุฌุณ ู ุฑูุงฺบ ุณุงู ุฌูู ูฺบ ฺฉุงู ุดุฑูุน ฺฉุง ุชฺพุงุ ุฏูุง ุจฺพุฑ ุณ ุงุนููฐ ูุฑ ููุฏูฺบ ฺฉูโฆ https://t.co/3jMb8qg4ug,FALSE,0,NA,2022-12-05T16:45:00Z,TRUE,NA,1599807058311667728,NA,"<a href=""https://mobile.twitter.com"" rel=""nofollow"">Twitter Web App</a>",XinhuaUrdu,1,FALSE,FALSE,NA,NA
ููุงู ุญฺฉุงู ฺฉ ูุทุงุจู ฺู ฺฉ ุดูุงู ุตูุจ ุจ ฺฉ ูููฺฏ ุงุค ฺฉุงุคููน ูฺบ ุณุงู 1286 ฺฉุง ุงฺฉ ูพุชฺพุฑฺฉุง ฺฉุชุจ ุฏุฑุงูุช ูุง  ุฌู ูุขูโฆ https://t.co/6iV3LLcawA,FALSE,7,NA,2022-12-05T16:18:00Z,TRUE,NA,1599800263644258305,NA,"<a href=""https://mobile.twitter.com"" rel=""nofollow"">Twitter Web App</a>",XinhuaUrdu,1,FALSE,FALSE,NA,NA
ุงูุณุงู ุจุฑุฏุงุฑ ุฎูุงุฆ ุฌุงุฒ ุดู ฺู 14 ฺฉ 3 ุฎูุงุจุงุฒูฺบ ฺฺพู ฺููฺฏ ุ ูู ุงูฺฏ ุงูุฑ ุณุงุฆ ุดูฺ ฺฉู ูุงูพุณ ูุงู ูุงูุง ฺฉูพุณูู ฺู ฺฉ ุดูโฆ https://t.co/AmJtLKkk1x,FALSE,0,NA,2022-12-05T15:52:00Z,TRUE,NA,1599793720219648001,NA,"<a href=""https://mobile.twitter.com"" rel=""nofollow"">Twitter Web App</a>",XinhuaUrdu,0,FALSE,FALSE,NA,NA
ูุงุฆุฌุฑุง ฺฉ ุฏุงุฑุงูุญฺฉููุช ุงุจูุฌุง  ูฺบ ฺู ฺฉ ูุฏุฏ ุณ ูุบุฑุจ ุงูุฑู ุฑุงุณุชูฺบ ฺฉ ุงูุชุตุงุฏ ุจุฑุงุฏุฑ ( ุง ุณ ุงู ฺุจูู ุง ุงุณ) ฺฉโฆ https://t.co/LA5bqsunSA,FALSE,2,NA,2022-12-05T15:24:00Z,TRUE,NA,1599786673788882945,NA,"<a href=""https://mobile.twitter.com"" rel=""nofollow"">Twitter Web App</a>",XinhuaUrdu,0,FALSE,FALSE,NA,NA
ฺู ุงููุฑ ฺฉ ุงฺฉ ูุนุฑูู ุงูุฑฺฉ ูุงุฑ ู ฺฉุง  ฺฉ ุณุงุจู ฺู ุฑููุง ุฌุงูฺฏ ุฒูู ู ฺู ฺฉ ุงุตูุงุญุงุช ุงูุฑ ฺฉฺพู ูพู ูฺบ ฺฉูุฏโฆ https://t.co/2C4musMHGj,FALSE,2,NA,2022-12-05T14:55:00Z,TRUE,NA,1599779375611715584,NA,"<a href=""https://mobile.twitter.com"" rel=""nofollow"">Twitter Web App</a>",XinhuaUrdu,0,FALSE,FALSE,NA,NA
"@XinhuaUrdu Report link, please.",FALSE,0,XinhuaUrdu,2022-12-05T14:49:18Z,FALSE,1599771574227312641,1599777942225096706,1260483335635247112,"<a href=""http://twitter.com/download/android"" rel=""nofollow"">Twitter for Android</a>",Faheembilal,0,FALSE,FALSE,NA,NA
ุงฺฉ ุชฺพูฺฉ ูนูฺฉ ฺฉ ูุฆ ุฑูพูุฑูน ูฺบ ฺฉุง ฺฏุง  ฺฉ  ุงูุณุงู ุญููู ฺฉ ุงุญุชุฑุงู ุงูุฑ ุชุญูุธ ฺฉ ุญูุงู ุณ ฺู ฺฉ ูุฆ ุฎุงูุงุชุ ุงูุฏุงูุงุชโฆ https://t.co/2KfSV15zpH,FALSE,5,NA,2022-12-05T14:24:00Z,TRUE,NA,1599771574227312641,NA,"<a href=""https://mobile.twitter.com"" rel=""nofollow"">Twitter Web App</a>",XinhuaUrdu,0,FALSE,FALSE,NA,NA
ุฌููุจ ูุดุฑู ุงุดุงุฆ ููฺฉูฺบ ฺฉ ุชูุธู (ุขุณุงู) ู ู ุงู ููู  ฺฉ ุณุงุชฺพ ูุดุชุฑฺฉ  ุทูุฑ ูพุฑ ุฎูุงุชู ฺฉ ุงูู ุงูุฑ ุณูุงูุช ุณ ูุชุนููโฆ https://t.co/EyQFbAp9bK,FALSE,1,NA,2022-12-05T13:58:00Z,TRUE,NA,1599765031184277504,NA,"<a href=""https://mobile.twitter.com"" rel=""nofollow"">Twitter Web App</a>",XinhuaUrdu,0,FALSE,FALSE,NA,NA
ฺฉูููุจู ูฺบ ูุฑุณฺุฒ ุจูุฒ ูุดู ูฺฉ ุณุฑ ููฺฉุง  ููุนูุฏ ูุง ุฌุณ ูฺบ ุณุฑ ููฺฉุง ุงูุฑ ุฌููุจ ุงุดุง ฺฉ ูุดู ุงูุฑ ููุจูุณุงุช ุตูุนุช ฺฉ ุดุงูโฆ https://t.co/5oIrZGIFMf,FALSE,1,NA,2022-12-05T13:36:01Z,TRUE,NA,1599759499119951872,NA,"<a href=""https://mobile.twitter.com"" rel=""nofollow"">Twitter Web App</a>",XinhuaUrdu,0,FALSE,FALSE,NA,NA
RT @XinhuaUrdu: ฺู ูฺบ ูุนุงุฑ ฺฉ ูฺฏุฑุงฺบ ุงุนููฐ ุงุฏุงุฑ ู ฺฉุง  ฺฉ ุงูฺฉูนุฑฺฉ ฺฉุงุฑ ุณุงุฒ ูนุณูุง ฺู ูฺบ 4 ูุงฺฉฺพ 35 ุฒุงุฑ 132 ฺฏุงฺูฺบ ฺฉู ูุงูพุณ ููฺฏูุงุฆ ฺฏุงโฆ,FALSE,0,NA,2022-12-05T13:18:22Z,FALSE,NA,1599755057766932480,NA,"<a href=""http://twitter.com/download/android"" rel=""nofollow"">Twitter for Android</a>",periqlytos,2,TRUE,FALSE,NA,NA
ฺู ูฺบ ูุนุงุฑ ฺฉ ูฺฏุฑุงฺบ ุงุนููฐ ุงุฏุงุฑ ู ฺฉุง  ฺฉ ุงูฺฉูนุฑฺฉ ฺฉุงุฑ ุณุงุฒ ูนุณูุง ฺู ูฺบ 4 ูุงฺฉฺพ 35 ุฒุงุฑ 132 ฺฏุงฺูฺบ ฺฉู ูุงูพุณ ููฺฏโฆ https://t.co/L9m1eFGY0L,FALSE,7,NA,2022-12-05T12:03:29Z,TRUE,NA,1599736214071877633,NA,"<a href=""https://mobile.twitter.com"" rel=""nofollow"">Twitter Web App</a>",XinhuaUrdu,2,FALSE,FALSE,NA,NA
ูฺฉุงูุงุชุ ุจุงฺฺบ ุงูุฑ ุชูฺฏ ุฑุงุณุช ุ ุฌููุจ ฺฏุฑู ุฌุฒุฑ ุงุฆ ูุงู ฺฉุง ุงฺฉ ฺฏุงุคฺบ ูุงูุง ฺูนุงููฺบ ุณ ุจู ุงูพู ุณุงุญุช ูุฑุงฺฉุฒ ูพุฑ ูุฎุฑ ฺฉุฑุชุงโฆ https://t.co/loqCDN3vcu,FALSE,0,NA,2022-12-05T11:16:45Z,TRUE,NA,1599724451960348673,NA,"<a href=""https://mobile.twitter.com"" rel=""nofollow"">Twitter Web App</a>",XinhuaUrdu,0,FALSE,FALSE,NA,NA
ููุงุฆุดุง ฺฉ ูุฒุฑ ุงุนุธู ุงููุฑ ุงุจุฑุงู ู ุงูพู ฺฉุงุจู ฺฉุง ุงุนูุงู ฺฉุฑุฏุง  ุฌุณ ูฺบ ููฺฉ ฺฉ ุฏูููฺบ ุญุตูฺบ ฺฉ ุจุชุฑ ููุงุฆูุฏฺฏ ฺฉุฑูโฆ https://t.co/6nrnuwU6xj,FALSE,1,NA,2022-12-05T09:26:52Z,TRUE,NA,1599696800750850049,NA,"<a href=""https://mobile.twitter.com"" rel=""nofollow"">Twitter Web App</a>",XinhuaUrdu,0,FALSE,FALSE,NA,NA
ฺู ฺฉ ุดูุฒู-14 ุฎูุงุจุงุฒุ ุฌููฺบ ู ุงูพู ุชูุงู ุท ุดุฏ ฺฉุงู ูฺฉูู ฺฉุฑ ู ฺบุ ุณุจ ุฒูู ูพุฑ ูุงูพุณ ุขุฆฺบ ฺฏ #GLOBALink https://t.co/bPY0aENPbn,FALSE,1,NA,2022-12-05T09:00:19Z,FALSE,NA,1599690118369267713,NA,"<a href=""https://mobile.twitter.com"" rel=""nofollow"">Twitter Web App</a>",XinhuaUrdu,0,FALSE,FALSE,NA,NA
RT @XinhuaUrdu: ุงฺฉ ฺู ููุฌูุงูุ ุชูุฑุจุงู ุฏุณ ุจุฑุณ ุชฺฉ ฺุงุฆ ุจูุงู ฺฉ ุฑูุงุช ฺู ุทุฑููฺบ ุจุงุฑ ุชุนูู ุญุงุตู ฺฉุฑู ฺฉ ุจุนุฏ ุขุฌ ฺุงุฆ ุจูุงู ูฺบ ูุงุฑุช ุญุงุตโฆ,FALSE,0,NA,2022-12-05T07:23:06Z,FALSE,NA,1599665653782298625,NA,"<a href=""http://twitter.com/download/android"" rel=""nofollow"">Twitter for Android</a>",RanaHussnain295,1,TRUE,FALSE,NA,NA
ุงฺฉ ฺู ููุฌูุงูุ ุชูุฑุจุงู ุฏุณ ุจุฑุณ ุชฺฉ ฺุงุฆ ุจูุงู ฺฉ ุฑูุงุช ฺู ุทุฑููฺบ ุจุงุฑ ุชุนูู ุญุงุตู ฺฉุฑู ฺฉ ุจุนุฏ ุขุฌ ฺุงุฆ ุจูุงู ูฺบ ูโฆ https://t.co/aUJbzSDboZ,FALSE,5,NA,2022-12-05T07:22:49Z,TRUE,NA,1599665580134395904,NA,"<a href=""https://mobile.twitter.com"" rel=""nofollow"">Twitter Web App</a>",XinhuaUrdu,1,FALSE,FALSE,NA,NA
ฺู ูฺบ ุงฺฉุชูุจุฑ 2022 ฺฉ ุฏูุฑุงู ฺฏุณ ฺฉ ฺฉฺพูพุช 30.53 ุงุฑุจ ูฺฉุนุจ ููนุฑุฒ ุฑ ุฌู ฺฏุฒุดุช ุจุฑุณ ฺฉ ูุณุจุช 1.8 ูุตุฏ ุฒุงุฆุฏ  https://t.co/bExURPtI0q,FALSE,8,NA,2022-12-05T04:30:00Z,FALSE,NA,1599622090264440832,NA,"<a href=""https://mobile.twitter.com"" rel=""nofollow"">Twitter Web App</a>",XinhuaUrdu,0,FALSE,FALSE,NA,NA
RT @XinhuaUrdu: ฺู ุ ฺูฺ ฺฉ ุตูุนุช ูฺบ ุฌููุฑ ุณ ุงฺฉุชูุจุฑ ฺฉ ุฏูุฑุงู ูุณุชุญฺฉู ุดุฑุญ ููู ุฑฺฉุงุฑฺ https://t.co/FFSMnMxlxJ,FALSE,0,NA,2022-12-04T17:13:34Z,FALSE,NA,1599451859085037570,NA,"<a href=""http://twitter.com/download/android"" rel=""nofollow"">Twitter for Android</a>",ImranAl25170456,1,TRUE,FALSE,NA,NA
ุงุณูพู ฺฉ ุจุงุฑุณูููุง ูฺบ ฺฺพููน ฺฉุงุฑูุจุงุฑ ููฺฏุงุฆุ ุชูุงูุงุฆ ุจุญุฑุงู ุงูุฑ ุณูพูุงุฆ ฺู ูฺบ ุฎูู ุฌุณ ูพฺุฏ ูุณุงุฆู ฺฉ ูุฌ ุณ ูุงุฆูโฆ https://t.co/6wakXQNwQC,FALSE,1,NA,2022-12-04T17:10:07Z,TRUE,NA,1599450990238789633,NA,"<a href=""https://mobile.twitter.com"" rel=""nofollow"">Twitter Web App</a>",XinhuaUrdu,0,FALSE,FALSE,NA,NA
ูุณุท ฺู ฺฉ ุตูุจ ูุงู ูฺบ ุงฺฉ ุทุจ ุชฺพุฑ ฺ ูพุฑููนูฺฏ ุณููนุฑุ ุชฺพุฑ ฺ ูพุฑููนูฺฏ ูนฺฉูุงููุฌ ฺฉู ฺุฌูนู ุงูุฌูฺฏ ุงูุฑ ุฏุฑุณุช ุงุฏูุงุช ฺฉโฆ https://t.co/KKpFUZhPQg,FALSE,2,NA,2022-12-04T16:01:00Z,TRUE,NA,1599433597248684033,NA,"<a href=""https://mobile.twitter.com"" rel=""nofollow"">Twitter Web App</a>",XinhuaUrdu,0,FALSE,FALSE,NA,NA
ุงูุบุงูุณุชุงู ูฺบ ุซูุงูุช ูุฑุซ ฺฉ ุชุญูุธ ฺฉูุฆ ฺู ุงุณฺฉุงูุฑุฒ ฺฉุง ููน ุจุงู ููุงุจููฺบ ูฺบ ุชุนุงูู https://t.co/Ak0gFSzY91,FALSE,0,NA,2022-12-04T15:48:02Z,FALSE,NA,1599430333501673472,NA,"<a href=""https://mobile.twitter.com"" rel=""nofollow"">Twitter Web App</a>",XinhuaUrdu,0,FALSE,FALSE,NA,NA
ฺู ุ ฺูฺ ฺฉ ุตูุนุช ูฺบ ุฌููุฑ ุณ ุงฺฉุชูุจุฑ ฺฉ ุฏูุฑุงู ูุณุชุญฺฉู ุดุฑุญ ููู ุฑฺฉุงุฑฺ https://t.co/FFSMnMxlxJ,FALSE,2,NA,2022-12-04T15:00:15Z,FALSE,NA,1599418308331073536,NA,"<a href=""https://mobile.twitter.com"" rel=""nofollow"">Twitter Web App</a>",XinhuaUrdu,1,FALSE,FALSE,NA,NA
ฺู ฺฉ ุจฺ ุงููนุฑููน ฺฉููพููฺบ ู 2022 ฺฉ ูพู 10 ูุง ฺฉ ุฏูุฑุงู  ุชุญูู ูุชุฑู ูพุฑ ุงูพู ุงุฎุฑุงุฌุงุช ูฺบ ุฏูุนุฏุฏ  ูุฏ ุณ  ฺฉ ุชูุณโฆ https://t.co/iTgSz4dQuL,FALSE,5,NA,2022-12-04T14:21:41Z,TRUE,NA,1599408603433009152,NA,"<a href=""https://mobile.twitter.com"" rel=""nofollow"">Twitter Web App</a>",XinhuaUrdu,0,FALSE,FALSE,NA,NA
ฺู ฺฉ ูุฑูฺุฑ  ุณุงุฒูฺบ ฺฉ ููุงูุน ูฺบ ุฌููุฑ  ุชุง ุงฺฉุชูุจุฑ  ฺฉ ุฏูุฑุงู ุงุถุงู https://t.co/PEltTI8JDl,FALSE,2,NA,2022-12-04T13:58:13Z,FALSE,NA,1599402697488154629,NA,"<a href=""https://mobile.twitter.com"" rel=""nofollow"">Twitter Web App</a>",XinhuaUrdu,0,FALSE,FALSE,NA,NA
ุขุค ุฏุงุฆ ุงฺฉ ูุชูุงู ุฑูุงุช ูุจุงุณ  ุฌู ุนุงู ุทูุฑ ูพุฑ ุฑุดู ุง ุฏฺฏุฑ ูุฑู ฺฉูพฺ ุณ ุชุงุฑ ฺฉุง ุฌุงุชุง  ุงูุฑ  ุฎูุงุชู ูฺบ ุฎุงุต ููโฆ https://t.co/VuvcZq8vPU,FALSE,1,NA,2022-12-04T13:23:35Z,TRUE,NA,1599393984429797376,NA,"<a href=""https://mobile.twitter.com"" rel=""nofollow"">Twitter Web App</a>",XinhuaUrdu,0,FALSE,FALSE,NA,NA
ฺู ฺฉ ุงูฺฉูนุฑุงูฺฉ ุงููุงุฑูุดู ููููฺฉฺุฑูฺฏ ุดุนุจ ฺฉ ูพุฏุงูุงุฑ ูฺบ ุฑูุงฺบ ุณุงู ฺฉ ุงุจุชุฏุงุฆ 10 ูุง ฺฉ ุฏูุฑุงู ูุณุชุญฺฉู ุชูุณุน ูุฆ  https://t.co/FiYR0f8Ge7,FALSE,2,NA,2022-12-04T13:01:48Z,FALSE,NA,1599388502936162306,NA,"<a href=""https://mobile.twitter.com"" rel=""nofollow"">Twitter Web App</a>",XinhuaUrdu,0,FALSE,FALSE,NA,NA
"RT @XinhuaUrdu: ฺู ฺฉ ููฺุฑ ูุงุฑฺฉูน ูฺบ ูููุจุฑ 2022 ฺฉ ุฏูุฑุงู ุชุฌุงุฑุช ุญุฌู ูฺบ ฺฏุฒุดุช ุจุฑุณ ฺฉ ูุณุจุช  ุดุฑุญ ููู  3.95 ุฑ
ฺุงุฆู ููฺุฑุฒ ุงุณูุณ ุงุดู ฺฉโฆ",FALSE,0,NA,2022-12-04T12:31:33Z,FALSE,NA,1599380890295336962,NA,"<a href=""http://twitter.com/download/iphone"" rel=""nofollow"">Twitter for iPhone</a>",AliHumdani,2,TRUE,FALSE,NA,NA
"ฺู ฺฉุง ุฑูฺ ูุงุฌุณูนฺฉุณ ุงูฺฺฉุณ ูููุจุฑ ฺฉ ุฏูุฑุงู ูุณุชุญฺฉู ุฑุง
ฺุงุฆู ูฺุฑุดู ุขู ูุงุฌุณูนฺฉุณ ุงูฺ ูพุฑฺุฒูฺฏ ุงูุฑ ุฏ ฺฏูุงูฺฏ ฺููฺฏ ููู ุขูโฆ https://t.co/thXHDzaXuy",FALSE,1,NA,2022-12-04T12:17:46Z,TRUE,NA,1599377417914658817,NA,"<a href=""https://mobile.twitter.com"" rel=""nofollow"">Twitter Web App</a>",XinhuaUrdu,0,FALSE,FALSE,NA,NA
"RT @XinhuaUrdu: ฺู ฺฉ ููฺุฑ ูุงุฑฺฉูน ูฺบ ูููุจุฑ 2022 ฺฉ ุฏูุฑุงู ุชุฌุงุฑุช ุญุฌู ูฺบ ฺฏุฒุดุช ุจุฑุณ ฺฉ ูุณุจุช  ุดุฑุญ ููู  3.95 ุฑ
ฺุงุฆู ููฺุฑุฒ ุงุณูุณ ุงุดู ฺฉโฆ",FALSE,0,NA,2022-12-04T12:14:18Z,FALSE,NA,1599376548825473024,NA,"<a href=""http://twitter.com/download/android"" rel=""nofollow"">Twitter for Android</a>",sadam08499791,2,TRUE,FALSE,NA,NA
"ฺู ฺฉ ููฺุฑ ูุงุฑฺฉูน ูฺบ ูููุจุฑ 2022 ฺฉ ุฏูุฑุงู ุชุฌุงุฑุช ุญุฌู ูฺบ ฺฏุฒุดุช ุจุฑุณ ฺฉ ูุณุจุช  ุดุฑุญ ููู  3.95 ุฑ
ฺุงุฆู ููฺุฑุฒ ุงุณูุณโฆ https://t.co/wn2ojqSINi",FALSE,2,NA,2022-12-04T11:55:56Z,TRUE,NA,1599371923275718657,NA,"<a href=""https://mobile.twitter.com"" rel=""nofollow"">Twitter Web App</a>",XinhuaUrdu,2,FALSE,FALSE,NA,NA
ุงุณูุงู ุขุจุงุฏ ูฺบ ููุนูุฏ ุณุงูุงู ฺฏู ุฏุงุคุฏ ฺฉ ููุงุฆุด ฺฉ ููุงุธุฑ https://t.co/UQSge73458,FALSE,1,NA,2022-12-04T11:17:37Z,FALSE,NA,1599362281288380416,NA,"<a href=""https://mobile.twitter.com"" rel=""nofollow"">Twitter Web App</a>",XinhuaUrdu,0,FALSE,FALSE,NA,NA
ุงูฺฏ ฺฉุงูฺฏ ฺฉ ูุฆ ุจฺ ฺฉุง ูุง ุจูฺบ ฺฉ ูุฆ ุงฺฏู 5 ุจุฑุณ ุจุช ุงูุช ุฑฺฉฺพุช ฺบุ ฺู ุงฺฏุฒฺฉูนู https://t.co/e6FhpyqF8p,FALSE,0,NA,2022-12-04T10:57:50Z,FALSE,NA,1599357302754095109,NA,"<a href=""https://mobile.twitter.com"" rel=""nofollow"">Twitter Web App</a>",XinhuaUrdu,0,FALSE,FALSE,NA,NA
"RT @ZhaLiyou: Heart-felt gratitude to G. Devarajan, Secretary, Central Committee of All India Forward Bloc for offering AIFB's condolence oโฆ",FALSE,0,NA,2022-12-04T10:48:38Z,FALSE,NA,1599354988345823234,NA,"<a href=""http://twitter.com/download/android"" rel=""nofollow"">Twitter for Android</a>",CN__Ale,13,TRUE,FALSE,NA,NA
"RT @ZhaLiyou: Heart-felt gratitude to G. Devarajan, Secretary, Central Committee of All India Forward Bloc for offering AIFB's condolence oโฆ",FALSE,0,NA,2022-12-04T09:09:59Z,FALSE,NA,1599330163023413249,NA,"<a href=""http://twitter.com/download/android"" rel=""nofollow"">Twitter for Android</a>",mudflesh,13,TRUE,FALSE,NA,NA
"RT @ZhaLiyou: Heart-felt gratitude to G. Devarajan, Secretary, Central Committee of All India Forward Bloc for offering AIFB's condolence oโฆ",FALSE,0,NA,2022-12-04T08:37:48Z,FALSE,NA,1599322063222603776,NA,"<a href=""https://mobile.twitter.com"" rel=""nofollow"">Twitter Web App</a>",CGMeifangZhang,13,TRUE,FALSE,NA,NA
ฺู ุ ุฌููุจ ูุบุฑุจ ุนูุงู ฺฺพููฺฏ ฺฺพูฺฏ ฺฉ ฺฏูุงูฺฏ ุงูฺฏ ุฌุฒุฑ ูฺบ ุณูุงุจ ุณ ุจฺุงู ูุงู ูพูุฏูฺบ ฺฉุง ูุถุงุฆ ูุธุงุฑ https://t.co/ES7Yv4LPxH,FALSE,1,NA,2022-12-04T08:09:36Z,FALSE,NA,1599314965608878080,NA,"<a href=""https://mobile.twitter.com"" rel=""nofollow"">Twitter Web App</a>",XinhuaUrdu,0,FALSE,FALSE,NA,NA
"ฺู ฺฉ ุฏ ูพุงูุณ ุจูฺฉ "" ุฒุฑุน ุชุฑูุงุช ุจูฺฉ "" ู ููฺฉ ฺฉ ุฏ ุนูุงููฺบ ูฺบ ุณฺฺฉูฺบ ฺฉ ุชุนูุฑ ฺฉูุฆ ุงูพู ูุงู ุงูุฏุงุฏ ูฺบ ุงุถโฆ https://t.co/Yu8oI2B2Kr",FALSE,8,NA,2022-12-04T06:36:03Z,TRUE,NA,1599291424855379968,NA,"<a href=""https://mobile.twitter.com"" rel=""nofollow"">Twitter Web App</a>",XinhuaUrdu,0,FALSE,FALSE,NA,NA
ุฑูุณ ฺฉ ูุดุฑู ุจุนุฏ ฺฉ ุนูุงููฺบ ูฺบ ฺู ุฒุจุงู ุชุฒ ุณ ููุจูู ู ุฑ  ฺฉููฺฉ ุฒุงุฏ ุชุฑ ุฑูุณ ููุฌูุงู ฺู ุฒุจุงู ุณฺฉฺพ ุฑ ฺบ https://t.co/26LPyq909v,FALSE,10,NA,2022-12-04T04:31:00Z,FALSE,NA,1599259952807178241,NA,"<a href=""https://mobile.twitter.com"" rel=""nofollow"">Twitter Web App</a>",XinhuaUrdu,0,FALSE,FALSE,NA,NA
"RT @ZhaLiyou: Heart-felt gratitude to G. Devarajan, Secretary, Central Committee of All India Forward Bloc for offering AIFB's condolence oโฆ",FALSE,0,NA,2022-12-04T02:50:55Z,FALSE,NA,1599234767605538816,NA,"<a href=""https://mobile.twitter.com"" rel=""nofollow"">Twitter Web App</a>",coy_ermis,13,TRUE,FALSE,NA,NA
@XinhuaUrdu Did the seller agree with price or it is only the buyer who is determins the price... ???,FALSE,0,XinhuaUrdu,2022-12-03T21:21:22Z,FALSE,1599058122949111808,1599151833250816000,1260483335635247112,"<a href=""https://mobile.twitter.com"" rel=""nofollow"">Twitter Web App</a>",Daydreamermu,0,FALSE,FALSE,NA,NA
@ZhaLiyou @MFA_China @SpokespersonHZM @XHNews @Xinhua @XinhuaUrdu @CCTVAsiaPacific https://t.co/eeRevWelT6 This isโฆ https://t.co/DHyeQ3o5xU,FALSE,2,ZhaLiyou,2022-12-03T16:49:52Z,TRUE,1598984465426305024,1599083506222903297,1167303027503403008,"<a href=""http://twitter.com/download/android"" rel=""nofollow"">Twitter for Android</a>",subhasis19,0,FALSE,FALSE,NA,NA
"RT @ZhaLiyou: Heart-felt gratitude to G. Devarajan, Secretary, Central Committee of All India Forward Bloc for offering AIFB's condolence oโฆ",FALSE,0,NA,2022-12-03T16:20:14Z,FALSE,NA,1599076051346657281,NA,"<a href=""https://mobile.twitter.com"" rel=""nofollow"">Twitter Web App</a>",YuXincheng_kin,13,TRUE,FALSE,NA,NA
ูุฑูพ ููู(ุง ู) ฺฉ ุฑฺฉู ููุงูฺฉ ู ุฑูุณ ฺฉ ุณููุฏุฑ ุฎุงู ุชู ฺฉ ููุช 60 ุงูุฑฺฉ ฺุงูุฑ ู ุจุฑู ฺฉ ุญุฏ ุชฺฉ ุฑฺฉฺพู ูพุฑ ุงุชูุงู ฺฉุงโฆ https://t.co/EaFvQaQyCa,FALSE,0,NA,2022-12-03T15:09:00Z,TRUE,NA,1599058122949111808,NA,"<a href=""https://mobile.twitter.com"" rel=""nofollow"">Twitter Web App</a>",XinhuaUrdu,0,FALSE,FALSE,NA,NA
ฺู ูฺบ ุฑูุงฺบ ุณุงู ุงฺฉุชูุจุฑ ฺฉ ุฏูุฑุงู 29ุงุฑุจ 72ฺฉุฑูฺ ูุขู(ุชูุฑุจุงู4ุงุฑุจ 21ฺฉุฑูฺ ฺุงูุฑ) ูุงูุช ฺฉ  ูุงูนุฑ ูนฺฉูน ูุฑูุฎุช ูุฆฺบ ุฌู ฺฏุฒุดุชโฆ https://t.co/STLhfOxbG3,FALSE,1,NA,2022-12-03T14:35:00Z,TRUE,NA,1599049567143616518,NA,"<a href=""https://mobile.twitter.com"" rel=""nofollow"">Twitter Web App</a>",XinhuaUrdu,0,FALSE,FALSE,NA,NA
ุงูฺููุดุง ฺฉ ุตูุจ ูุบุฑุจ ุฌุงูุง ฺฉ ุณุงูุฌูุฑ ูฺบ ุฒูุฒู ุณ ูุชุงุซุฑ ุนูุงู ูฺบ ููฺฏ ุงูพู ูุนูููุงุช ุฒูุฏฺฏ ุจุญุงู ฺฉุฑู ฺฉ ฺฉูุดุดฺบ ฺฉุฑโฆ https://t.co/JhNHJ8WJ1L,FALSE,1,NA,2022-12-03T14:05:00Z,TRUE,NA,1599042017341763584,NA,"<a href=""https://mobile.twitter.com"" rel=""nofollow"">Twitter Web App</a>",XinhuaUrdu,0,FALSE,FALSE,NA,NA
ููุณุทู ฺฉ ูุฒุฑุงุนุธู ูุญูุฏ ุงุดุช ู ุงููุงู ูุชุญุฏ ุณ ูุทุงูุจ ฺฉุง  ฺฉ ู ุงุณุฑุงุฆู ฺฉ ุณุงุชฺพ ุชูุงุฒุน ุฎุชู ฺฉุฑู ฺฉูุฆ ูุดุฑู ูุณุทโฆ https://t.co/dQg9TgFapC,FALSE,0,NA,2022-12-03T13:33:00Z,TRUE,NA,1599033964089393152,NA,"<a href=""https://mobile.twitter.com"" rel=""nofollow"">Twitter Web App</a>",XinhuaUrdu,0,FALSE,FALSE,NA,NA
"RT @ZhaLiyou: Heart-felt gratitude to G. Devarajan, Secretary, Central Committee of All India Forward Bloc for offering AIFB's condolence oโฆ",FALSE,0,NA,2022-12-03T13:18:53Z,FALSE,NA,1599030414009831426,NA,"<a href=""http://twitter.com/download/iphone"" rel=""nofollow"">Twitter for iPhone</a>",dragonismyname,13,TRUE,FALSE,NA,NA
RT @XinhuaUrdu: ฺู ุงูุฑ ุฑูุณ ฺฉ ุณุฑุจุฑุงุงู ุญฺฉููุช ฺฉ ุฏุฑูุงู ุจุงูุงุนุฏ ููุงูุงุชูฺบ ฺฉ ู ูุงุฆู ฺฉููน ฺฉุง 26ูุงฺบ ุงุฌูุงุณ ฺฏุฒุดุช ุฑูุฒ ูฺู ููฺฉ ฺฉ ุฐุฑุน ูุงุโฆ,FALSE,0,NA,2022-12-03T13:13:20Z,FALSE,NA,1599029014823600128,NA,"<a href=""http://twitter.com/download/android"" rel=""nofollow"">Twitter for Android</a>",Iqbalakhterkha6,1,TRUE,FALSE,NA,NA
"ุนุงูู ุงุฏุงุฑ ุตุญุช (ฺุจูู ุงฺ ุงู) ู ฺฉุง  ฺฉ ุฏูุง ฺฉููฺ-19 ูุจุง ฺฉุง ูฺฏุงู ูุฑุญู ุฎุชู ฺฉุฑู ฺฉ ""ุจุช ูุฑุจ"" ุ ุชุงู ุงุณ ูโฆ https://t.co/QQhSZ5gmc9",FALSE,0,NA,2022-12-03T13:01:00Z,TRUE,NA,1599025911122124801,NA,"<a href=""https://mobile.twitter.com"" rel=""nofollow"">Twitter Web App</a>",XinhuaUrdu,0,FALSE,FALSE,NA,NA
ๆฑๆณฝๆฐ https://t.co/5AuSvrLImY,FALSE,0,NA,2022-12-03T12:46:52Z,FALSE,NA,1599022353953849344,NA,"<a href=""https://mobile.twitter.com"" rel=""nofollow"">Twitter Web App</a>",yeyoyo10,0,FALSE,FALSE,NA,NA
ฺู ูฺบ ุงุดุงุฆ ุงูุฑ ุงูุฑู ููุงูฺฉ ฺฉ ุณูุงุฑุชฺฉุงุฑูฺบ ู ุฌูุนุฑุงุช ุงูุฑ ุฌูุน ฺฉู ูุฒุงุฑุช ุฎุงุฑุฌ ฺฉุง ุฏูุฑ ฺฉุง ุงูุฑ ุณุงุจู ฺู ุฑููุงุก ุฌโฆ https://t.co/teAweUQreU,FALSE,6,NA,2022-12-03T12:37:00Z,TRUE,NA,1599019871056105473,NA,"<a href=""https://mobile.twitter.com"" rel=""nofollow"">Twitter Web App</a>",XinhuaUrdu,0,FALSE,FALSE,NA,NA
ฺู ุงูุฑ ุฑูุณ ฺฉ ุณุฑุจุฑุงุงู ุญฺฉููุช ฺฉ ุฏุฑูุงู ุจุงูุงุนุฏ ููุงูุงุชูฺบ ฺฉ ู ูุงุฆู ฺฉููน ฺฉุง 26ูุงฺบ ุงุฌูุงุณ ฺฏุฒุดุช ุฑูุฒ ูฺู ููฺฉ ฺฉ ุฐุฑโฆ https://t.co/3fyO2joYW0,FALSE,4,NA,2022-12-03T12:20:00Z,TRUE,NA,1599015592949866497,NA,"<a href=""https://mobile.twitter.com"" rel=""nofollow"">Twitter Web App</a>",XinhuaUrdu,1,FALSE,FALSE,NA,NA
"RT @ZhaLiyou: Heart-felt gratitude to G. Devarajan, Secretary, Central Committee of All India Forward Bloc for offering AIFB's condolence oโฆ",FALSE,0,NA,2022-12-03T12:16:27Z,FALSE,NA,1599014700733198337,NA,"<a href=""https://mobile.twitter.com"" rel=""nofollow"">Twitter Web App</a>",EmeryOchoa3,13,TRUE,FALSE,NA,NA
"ูุงุณุง ฺฉ ุงูุฑู ุฎูุงุฆ ุฌุงุฒ ู ฺุงูุฏ ฺฉ ุฏูุฑ ุฏุฑุงุฒ ฺฉ ูุฏุงุฑ ุณ ูฺฉู ฺฉุฑ ุฒูู ฺฉ ุฌุงูุจ ูุงูพุณ ฺฉุง ุณูุฑ ุดุฑูุน ฺฉุฑุฏุง 
ฺุงูุฏ ฺฉ ุฏูุฑโฆ https://t.co/Xz0DJoSWws",FALSE,1,NA,2022-12-03T11:43:00Z,TRUE,NA,1599006281339207682,NA,"<a href=""https://mobile.twitter.com"" rel=""nofollow"">Twitter Web App</a>",XinhuaUrdu,0,FALSE,FALSE,NA,NA
"RT @ZhaLiyou: Heart-felt gratitude to G. Devarajan, Secretary, Central Committee of All India Forward Bloc for offering AIFB's condolence oโฆ",FALSE,0,NA,2022-12-03T11:07:19Z,FALSE,NA,1598997302395670529,NA,"<a href=""https://mobile.twitter.com"" rel=""nofollow"">Twitter Web App</a>",MathiasOrr,13,TRUE,FALSE,NA,NA
"ูฺฉุฑุงุฆู ฺฉู ุนุงูู ุจูฺฉ ฺฉ ุฐุฑุน ุงูุฑฺฉ ุณ 1 ุงุฑุจ 50 ฺฉุฑูฺ ุงูุฑฺฉ ฺุงูุฑ ฺฉ ุงูุฏุงุฏ ููุตูู ู ฺฏุฆ 
ูฺฉุฑุงุฆู ฺฉ ูุฒุงุฑุช ุฎุฒุงูโฆ https://t.co/ufMMJX6f9m",FALSE,0,NA,2022-12-03T10:57:00Z,TRUE,NA,1598994705253105833,NA,"<a href=""https://mobile.twitter.com"" rel=""nofollow"">Twitter Web App</a>",XinhuaUrdu,0,FALSE,FALSE,NA,NA
"RT @ZhaLiyou: Heart-felt gratitude to G. Devarajan, Secretary, Central Committee of All India Forward Bloc for offering AIFB's condolence oโฆ",FALSE,0,NA,2022-12-03T10:28:55Z,FALSE,NA,1598987638941552640,NA,"<a href=""http://twitter.com/download/android"" rel=""nofollow"">Twitter for Android</a>",timemagnet,13,TRUE,FALSE,NA,NA
@subhasis19 @MFA_China @SpokespersonHZM @XHNews @Xinhua @XinhuaUrdu @CCTVAsiaPacific Thanks.,FALSE,1,subhasis19,2022-12-03T10:16:18Z,FALSE,1598945118811488256,1598984465426305024,341369510,"<a href=""https://mobile.twitter.com"" rel=""nofollow"">Twitter Web App</a>",ZhaLiyou,0,FALSE,FALSE,NA,NA
RT @XinhuaUrdu: ุทุงูุจุงู ฺฉ ุฒุฑุงูุชุธุงู ูฺฏุฑุงู ุญฺฉููุช ู ฺฉุงุจู ูฺบ ูพุงฺฉุณุชุงู ฺฉ ุณูุงุฑุชุฎุงู ูพุฑ ุญูู ฺฉู ุฏุดุช ฺฏุฑุฏ ฺฉ ฺฉุงุฑุฑูุงุฆ ูุฑุงุฑ ุฏุช ูุฆ ุงุณ ฺฉ ุดุฏุฏโฆ,FALSE,0,NA,2022-12-03T09:58:36Z,FALSE,NA,1598980008114294787,NA,"<a href=""http://twitter.com/download/android"" rel=""nofollow"">Twitter for Android</a>",gemee_mughal,1,TRUE,FALSE,NA,NA
ฺู ูุญููู ู ุฌููุจ ฺู ฺฉ ุตูุจ ฺฏูุงูฺฏ ฺููฺฏ ฺฉ ูุงู ุดุงู ุจ ุฌุง ุดุงู ูุฏุฑุช ุชุญูุธ ฺฏุง ูฺบ ุงฺฉ ูุฆ ูุณู: ูุฑูฺฉูุณ ูู ููนุฑโฆ https://t.co/TtGSHMWzUs,FALSE,0,NA,2022-12-03T09:57:51Z,TRUE,NA,1598979820972519424,NA,"<a href=""https://mobile.twitter.com"" rel=""nofollow"">Twitter Web App</a>",XinhuaUrdu,0,FALSE,FALSE,NA,NA
ุทุงูุจุงู ฺฉ ุฒุฑุงูุชุธุงู ูฺฏุฑุงู ุญฺฉููุช ู ฺฉุงุจู ูฺบ ูพุงฺฉุณุชุงู ฺฉ ุณูุงุฑุชุฎุงู ูพุฑ ุญูู ฺฉู ุฏุดุช ฺฏุฑุฏ ฺฉ ฺฉุงุฑุฑูุงุฆ ูุฑุงุฑ ุฏุช ูุฆ ุงุณโฆ https://t.co/A4N64DPdYi,FALSE,0,NA,2022-12-03T09:56:50Z,TRUE,NA,1598979563630911488,NA,"<a href=""https://mobile.twitter.com"" rel=""nofollow"">Twitter Web App</a>",XinhuaUrdu,1,FALSE,FALSE,NA,NA
ฺฉุงู ฺฏุฑุฏู ูุงู ุณุงุฑุณ ฺฉ ุงฺฉ ูุฆ ุฑฺฉุงุฑฺ ุชุนุฏุงุฏุ ุฌู ฺู ูฺบ ุฏุฑุฌ ุงููู ุฑุงุณุช ุชุญูุธ ฺฉ ูฺบ ุ ุงุณ ฺฉู ุณุฑุฏูฺบ ฺฉ ุฏูุฑุงู ุฌููุจโฆ https://t.co/3deXuaZ11W,FALSE,0,NA,2022-12-03T09:54:44Z,TRUE,NA,1598979036998684672,NA,"<a href=""https://mobile.twitter.com"" rel=""nofollow"">Twitter Web App</a>",XinhuaUrdu,0,FALSE,FALSE,NA,NA
ฺู ู ฺฉุง  ฺฉ ุงูุฑฺฉ ฺฉ ูุฌ ุณ ุงุณ ฺฉ ูุฑูพ ุงุชุญุงุฏ ุจุญุฑุงู ฺฉ ููุช ฺฺฉุงุฑ ฺบ https://t.co/4RdFazbZe7,FALSE,0,NA,2022-12-03T09:51:39Z,FALSE,NA,1598978259739299842,NA,"<a href=""https://mobile.twitter.com"" rel=""nofollow"">Twitter Web App</a>",XinhuaUrdu,0,FALSE,FALSE,NA,NA
@ZhaLiyou @MFA_China @SpokespersonHZM @XHNews @Xinhua @XinhuaUrdu @CCTVAsiaPacific ้ปๅ๐ฏ๏ธ,FALSE,2,ZhaLiyou,2022-12-03T09:03:15Z,FALSE,1598938659390386176,1598966081728626688,1167303027503403008,"<a href=""http://twitter.com/download/android"" rel=""nofollow"">Twitter for Android</a>",mengyan1234567,0,FALSE,FALSE,NA,NA
"RT @ZhaLiyou: Heart-felt gratitude to G. Devarajan, Secretary, Central Committee of All India Forward Bloc for offering AIFB's condolence oโฆ",FALSE,0,NA,2022-12-03T08:05:33Z,FALSE,NA,1598951558158262273,NA,"<a href=""http://twitter.com/download/android"" rel=""nofollow"">Twitter for Android</a>",PeriodistaYvke,13,TRUE,FALSE,NA,NA
@ZhaLiyou @MFA_China @SpokespersonHZM @XHNews @Xinhua @XinhuaUrdu @CCTVAsiaPacific ๐ฏ๐ฏ๐ฏ,FALSE,2,ZhaLiyou,2022-12-03T08:02:56Z,FALSE,1598938659390386176,1598950902593105920,1167303027503403008,"<a href=""http://twitter.com/download/android"" rel=""nofollow"">Twitter for Android</a>",YuYingzi001,0,FALSE,FALSE,NA,NA
@ZhaLiyou @MFA_China @SpokespersonHZM @XHNews @Xinhua @XinhuaUrdu @CCTVAsiaPacific Former President Jiang Zemin wasโฆ https://t.co/YSTQRp9drn,FALSE,1,ZhaLiyou,2022-12-03T07:39:57Z,TRUE,1598938659390386176,1598945118811488256,1167303027503403008,"<a href=""https://mobile.twitter.com"" rel=""nofollow"">Twitter Web App</a>",subhasis19,0,FALSE,FALSE,NA,NA
@ZhaLiyou @MFA_China @SpokespersonHZM @XHNews @Xinhua @XinhuaUrdu @CCTVAsiaPacific ๐ฏ๐ฏ๐ฏFormer President Jiang Zemin๐๐๐RIP,FALSE,1,ZhaLiyou,2022-12-03T07:29:34Z,FALSE,1598938659390386176,1598942503192784896,1167303027503403008,"<a href=""http://twitter.com/download/android"" rel=""nofollow"">Twitter for Android</a>",EduFuture_MZYC,0,FALSE,FALSE,NA,NA
"RT @ZhaLiyou: Heart-felt gratitude to G. Devarajan, Secretary, Central Committee of All India Forward Bloc for offering AIFB's condolence oโฆ",FALSE,0,NA,2022-12-03T07:29:04Z,FALSE,NA,1598942378282188800,NA,"<a href=""http://twitter.com/download/android"" rel=""nofollow"">Twitter for Android</a>",EduFuture_MZYC,13,TRUE,FALSE,NA,NA
"RT @ZhaLiyou: Heart-felt gratitude to G. Devarajan, Secretary, Central Committee of All India Forward Bloc for offering AIFB's condolence oโฆ",FALSE,0,NA,2022-12-03T07:14:34Z,FALSE,NA,1598938730945208320,NA,"<a href=""https://mobile.twitter.com"" rel=""nofollow"">Twitter Web App</a>",Sintamyr,13,TRUE,FALSE,NA,NA
"Heart-felt gratitude to G. Devarajan, Secretary, Central Committee of All India Forward Bloc for offering AIFB's coโฆ https://t.co/TQvlFsPVYX",FALSE,61,NA,2022-12-03T07:14:17Z,TRUE,NA,1598938659390386176,NA,"<a href=""https://mobile.twitter.com"" rel=""nofollow"">Twitter Web App</a>",ZhaLiyou,13,FALSE,FALSE,NA,NA
ุฒูุจุงุจู ฺฉ ุตุฏุฑ ุงูุฑุณู ููุงูฺฏุงฺฏูุง ู ุฏุงุฑุงูุญฺฉููุช ุฑุงุฑ ูฺบ ูพุงุฑููููน ฺฉ ูุฆ ุนูุงุฑุช ูฺบ ุชูุฑุฑ ฺฉุฑุช ูุฆ ฺู ุงูุฑ ุฒูุจุงุจู ฺฉโฆ https://t.co/ejw5njspYx,FALSE,1,NA,2022-12-03T06:33:00Z,TRUE,NA,1598928266349666304,NA,"<a href=""https://mobile.twitter.com"" rel=""nofollow"">Twitter Web App</a>",XinhuaUrdu,0,FALSE,FALSE,NA,NA
ฺู ฺฉ ุจูฺฉุงุฑ ุงูุฑ ุงูุดูุฑูุณ ุฑฺฏูููนุฑ ู ุงุนูุงู ฺฉุง  ฺฉ ู ฺฉู ุฌููุฑ 2023 ุณ ุงฺฉ ุณุงู ฺฉ ูุฆ ููฺฉ ุจฺพุฑ ฺฉ 10 ุดุฑูฺบ ุงูุฑโฆ https://t.co/Hfs6ZtBjmy,FALSE,11,NA,2022-12-03T04:30:00Z,TRUE,NA,1598897314977832961,NA,"<a href=""https://mobile.twitter.com"" rel=""nofollow"">Twitter Web App</a>",XinhuaUrdu,0,FALSE,FALSE,NA,NA
"RT @NadeemIrfan18: @mkatju @JashneRekhta Jahapanah, 

Politicians have constructed Shamshan and Qabristan and all are equally welcome. ๐๐๐โฆ",FALSE,0,NA,2022-12-03T03:27:04Z,FALSE,NA,1598881475654725636,NA,"<a href=""http://twitter.com/download/android"" rel=""nofollow"">Twitter for Android</a>",Journalist4tv,3,TRUE,FALSE,NA,NA
ฺู ฺฉุง ุงูุฑฺฉ ูพุงุจูุฏ ฺฉ ุจุนุฏ ููฺฉ ฺฉููพููฺบ ฺฉ ูุงููู ุญููู ฺฉุง ููุซุฑ ุชุญูุธ ฺฉุฑ ู ฺฉุง ุงุนูุงู https://t.co/fgBDnncD7A,FALSE,6,NA,2022-12-02T15:30:00Z,FALSE,NA,1598701020585918465,NA,"<a href=""https://mobile.twitter.com"" rel=""nofollow"">Twitter Web App</a>",XinhuaUrdu,0,FALSE,FALSE,NA,NA
ูพุงฺฉุณุชุงู ูฺบ ฺู ฺฉ ุชุนุงูู ุณ ูุฆ ฺฏูุงุฏุฑ ุจู ุงูุงููุงู ูุงุฆ ุงฺ ฺฉ ุชุนูุฑ ุฒูุฑูฺบ ูพุฑ  ุดูููุง ฺฉ ุฑูพูุฑูนุฑ ุขูพ ฺฉู ูุงฺบ ู ุฌโฆ https://t.co/QfeqJlr9r3,FALSE,1,NA,2022-12-02T15:06:00Z,TRUE,NA,1598694980507369472,NA,"<a href=""https://mobile.twitter.com"" rel=""nofollow"">Twitter Web App</a>",XinhuaUrdu,0,FALSE,FALSE,NA,NA
ฺู ูุฒุงุฑุช ุฎุงุฑุฌ ู ุงุณ ุงูุฏ ฺฉุง ุงุธุงุฑ ฺฉุง  ฺฉ ุงูุฑฺฉ ฺู ฺฉ ุณุงุชฺพ ููฺฉุฑ ุงฺฉ ุฏูุณุฑ ฺฉ ุณุงุชฺพ ุชุนููุงุช ูุงุฆู ฺฉุฑู ฺฉุง ุตุญุญ ุฑโฆ https://t.co/4B6yv7qqGd,FALSE,6,NA,2022-12-02T14:26:00Z,TRUE,NA,1598684913678438400,NA,"<a href=""https://mobile.twitter.com"" rel=""nofollow"">Twitter Web App</a>",XinhuaUrdu,0,FALSE,FALSE,NA,NA
ฺู ฺฉ ุดู ฺู  15 ุฎูุงุฆ ูุดู ฺฉ ฺฉุง ุฎุงุต ุจุงุช ุ ุงูุฑ ุฎูุงุจุงุฒ ุงูพู ูุฏุงุฑ ูฺบ ฺฺพ ูุง ฺฉ ูุงู ฺฉ ุฏูุฑุงู ฺฉู ฺููุฌูฺบ ฺฉุง ุณุงููโฆ https://t.co/Z3CZMur5IO,FALSE,0,NA,2022-12-02T13:36:39Z,TRUE,NA,1598672495049146368,NA,"<a href=""https://mobile.twitter.com"" rel=""nofollow"">Twitter Web App</a>",XinhuaUrdu,0,FALSE,FALSE,NA,NA
ุชฺพุงุฆ ููฺ ุจู ุงูุงููุงู ูููนุฑ ุงฺฉุณูพู ูฺบ ูุชุนุฏุฏ ฺู ฺฏุงฺ ุณุงุฒูฺบ ู ุงูพู ุฌุฏุฏ ุชุฑู ุงูฺฉูนุฑฺฉ ฺฏุงฺูฺบ ฺฉ ูุงฺูุฒ ููุงุฆุด ฺฉ ูุฆโฆ https://t.co/2g65Ydrnw8,FALSE,1,NA,2022-12-02T12:52:30Z,TRUE,NA,1598661386804027392,NA,"<a href=""https://mobile.twitter.com"" rel=""nofollow"">Twitter Web App</a>",XinhuaUrdu,0,FALSE,FALSE,NA,NA
ฺู ูุฒุฑุงุนุธู ู ฺฉฺพ ฺฺพุงูฺฏ ู ูุฑูพ ฺฉููุณู ฺฉ ุตุฏุฑ ฺุงุฑูุณ ูุดู ุณ ุจุฌูฺฏ ูฺบ ููุงูุงุช ฺฉ ุฏูุฑุงู ุบุฑ ููฺฉ ฺฉููพููฺบ ฺฉ ุฌุงูุจโฆ https://t.co/UJEXJf7BkW,FALSE,5,NA,2022-12-02T12:40:46Z,TRUE,NA,1598658431266832386,NA,"<a href=""https://mobile.twitter.com"" rel=""nofollow"">Twitter Web App</a>",XinhuaUrdu,0,FALSE,FALSE,NA,NA
ุงฺฉ ูพุงฺฉุณุชุงู ูุงุฑ ูุนุงุดุงุช ฺฉุง ฺฉูุง  ฺฉ ฺู ฺฉู ุงูุณุงู ุญููู ฺฉ ุญูุงู ุณ ูุบุฑุจ ููุงูฺฉ ฺฉ ุฌุงูุจ ุณ ุจุช ุฒุงุฏ ุบุฑ ููุตูุงูโฆ https://t.co/NcYfxQfuIy,FALSE,0,NA,2022-12-02T12:25:16Z,TRUE,NA,1598654531713236993,NA,"<a href=""https://mobile.twitter.com"" rel=""nofollow"">Twitter Web App</a>",XinhuaUrdu,0,FALSE,FALSE,NA,NA
ฺู ฺฉ ูฺฉุงุค  ู ุงูฺฉูนุฑุงูฺฉ ุณฺฏุฑูน ฺฉ ุชุงุฑ ุงูุฑ ูุฑูุฎุช ูพุฑ ูพุงุจูุฏ ูฺฏุง ู ฺฉุง ุงุนูุงู ฺฉุง  https://t.co/DMrcmwX7Ln,FALSE,4,NA,2022-12-02T12:19:17Z,FALSE,NA,1598653026423566336,NA,"<a href=""https://mobile.twitter.com"" rel=""nofollow"">Twitter Web App</a>",XinhuaUrdu,0,FALSE,FALSE,NA,NA
ุฌููุจ ูุบุฑุจ ฺู ฺฉ ฺฏูุฆ ฺู ูฺบ ฺููฺฏ ูุณู ฺฏุฑู ฺฉ ููฺฏูฺบ ู ุงูพูุง ูุง ุณุงู ุฑูุงุช ุณุฑฺฏุฑููฺบ ฺฉ ุณุงุชฺพ ููุงุง https://t.co/UJ7Z76EMd3,FALSE,0,NA,2022-12-02T11:56:44Z,FALSE,NA,1598647352289628161,NA,"<a href=""https://mobile.twitter.com"" rel=""nofollow"">Twitter Web App</a>",XinhuaUrdu,0,FALSE,FALSE,NA,NA
ฺู ฺฉ ุฌููุจ ุตูุจ ฺฏูุงูฺฏ ฺููฺฏ ฺฉ ููฺฉุดูู ุชุฑุจุช ุงุณฺฉูู ฺููฺฏ ฺฏูุงู ูพูู ูนฺฉูฺฉ ู ูพุงฺฉุณุชุงู ูฺบ ฺู ฺฉุงุฑูุจุงุฑ ุงุฏุงุฑูฺบ ฺฉ ูโฆ https://t.co/bBZZ3A1HHS,FALSE,1,NA,2022-12-02T11:37:15Z,TRUE,NA,1598642449332596737,NA,"<a href=""http://twitter.com/download/iphone"" rel=""nofollow"">Twitter for iPhone</a>",XinhuaUrdu,0,FALSE,FALSE,NA,NA
"ฺู ููฺฉ ฺฉ ุงูุชุตุงุฏ ูุณูุงุฌ ุชุฑู ฺฉ ุฌุงุฆุฒ ฺฉ ู 2023 ูฺบ ูพุงูฺูุงฺบ ููู ุงูุชุตุงุฏ ุณุฑู ฺฉุฑ ฺฏุง
ุขุฆูุฏ ููู ุงูุชุตุงุฏ ุฌุงุฆุฒโฆ https://t.co/g3DgxdoU2g",FALSE,1,NA,2022-12-02T10:03:48Z,TRUE,NA,1598618930498740226,NA,"<a href=""https://mobile.twitter.com"" rel=""nofollow"">Twitter Web App</a>",XinhuaUrdu,0,FALSE,FALSE,NA,NA
RT @XinhuaUrdu: ฺู ฺฉ ูุดุฑู ุตูุจ ุฌุงูฺฏ ุณู ูฺบ ูุฏู ุณฺฉูฺบ ฺฉุง ุงฺฉ ุฐุฎุฑ ุฏุฑุงูุช ูุง  ุฌุณ ฺฉุง ูุฒู 1.5 ูนู   ุณฺฉ ุชุงูฺฏ (907-618) ุงูุฑ ุณููฺฏ (12โฆ,FALSE,0,NA,2022-12-02T09:42:54Z,FALSE,NA,1598613672389185537,NA,"<a href=""http://twitter.com/download/android"" rel=""nofollow"">Twitter for Android</a>",_Old_Is_Gold__,5,TRUE,FALSE,NA,NA
ุฌููุจ ูุบุฑุจ ฺู ฺฉ ฺฺพููฺฏ ฺฺพูฺฏ ูฺบ 6 ูุงฺฉฺพ ุณ ุฒุงุฏ ุฑุงุฆุดูฺบ ู ฺฉููฺ-19 ฺฉ ูุฆ ูพฺพูุงุค ฺฉ ุฎูุงู ุดุฑ ฺฉ ุฌูฺฏ ูฺบ ุฑุถุงฺฉุงุฑุงูโฆ https://t.co/ds7draYosV,FALSE,0,NA,2022-12-02T09:41:00Z,TRUE,NA,1598613191180836866,NA,"<a href=""https://mobile.twitter.com"" rel=""nofollow"">Twitter Web App</a>",XinhuaUrdu,0,FALSE,FALSE,NA,NA
RT @XinhuaUrdu: ฺู ฺฉ ูุดุฑู ุตูุจ ุฌุงูฺฏ ุณู ูฺบ ูุฏู ุณฺฉูฺบ ฺฉุง ุงฺฉ ุฐุฎุฑ ุฏุฑุงูุช ูุง  ุฌุณ ฺฉุง ูุฒู 1.5 ูนู   ุณฺฉ ุชุงูฺฏ (907-618) ุงูุฑ ุณููฺฏ (12โฆ,FALSE,0,NA,2022-12-02T09:21:06Z,FALSE,NA,1598608183303409670,NA,"<a href=""http://twitter.com/download/android"" rel=""nofollow"">Twitter for Android</a>",Asma_Hayyaat,5,TRUE,FALSE,NA,NA
ุฑูุณ ฺฉ ูุงุณฺฉู ูฺบ ููฺฏ ุจู ุงูุงููุงู ุจุณ ุงูฺ ฺฉูฺ ุดู ฺฉุง ุฏูุฑ ฺฉุฑ ุฑ ฺบ https://t.co/BgEFvtQufo,FALSE,7,NA,2022-12-02T09:16:05Z,FALSE,NA,1598606921786859521,NA,"<a href=""https://mobile.twitter.com"" rel=""nofollow"">Twitter Web App</a>",XinhuaUrdu,1,FALSE,FALSE,NA,NA
RT @XinhuaUrdu: ุงฺฉ ูุฆ ุชุญูู ฺฉ ูุทุงุจู ุงูุฑฺฉ ูฺบ ฺฏุฒุดุช 30 ุจุฑุณ ฺฉ ุฏูุฑุงู ุขุชุดฺบ ุงุณูุญ ุณ 10 ูุงฺฉฺพ ุณ ุฒุงุฆุฏ ุงูุฑุงุฏ ููุช ฺฉ ูู ูฺบ ฺู ฺฏุฆ https:โฆ,FALSE,0,NA,2022-12-02T08:31:25Z,FALSE,NA,1598595681073127426,NA,"<a href=""http://twitter.com/download/iphone"" rel=""nofollow"">Twitter for iPhone</a>",AliHumdani,1,TRUE,FALSE,NA,NA
ุงฺฉ ูุฆ ุชุญูู ฺฉ ูุทุงุจู ุงูุฑฺฉ ูฺบ ฺฏุฒุดุช 30 ุจุฑุณ ฺฉ ุฏูุฑุงู ุขุชุดฺบ ุงุณูุญ ุณ 10 ูุงฺฉฺพ ุณ ุฒุงุฆุฏ ุงูุฑุงุฏ ููุช ฺฉ ูู ูฺบ ฺู ฺฏุฆ https://t.co/BF6AKYFT8g,FALSE,1,NA,2022-12-02T08:29:01Z,FALSE,NA,1598595078875774976,NA,"<a href=""https://mobile.twitter.com"" rel=""nofollow"">Twitter Web App</a>",XinhuaUrdu,1,FALSE,FALSE,NA,NA
RT @XinhuaUrdu: ฺู ฺฉ ูุดุฑู ุตูุจ ุฌุงูฺฏ ุณู ูฺบ ูุฏู ุณฺฉูฺบ ฺฉุง ุงฺฉ ุฐุฎุฑ ุฏุฑุงูุช ูุง  ุฌุณ ฺฉุง ูุฒู 1.5 ูนู   ุณฺฉ ุชุงูฺฏ (907-618) ุงูุฑ ุณููฺฏ (12โฆ,FALSE,0,NA,2022-12-02T08:05:04Z,FALSE,NA,1598589047873601536,NA,"<a href=""http://twitter.com/download/android"" rel=""nofollow"">Twitter for Android</a>",NoorAliParas,5,TRUE,FALSE,NA,NA
RT @XinhuaUrdu: ฺู ฺฉ ูุดุฑู ุตูุจ ุฌุงูฺฏ ุณู ูฺบ ูุฏู ุณฺฉูฺบ ฺฉุง ุงฺฉ ุฐุฎุฑ ุฏุฑุงูุช ูุง  ุฌุณ ฺฉุง ูุฒู 1.5 ูนู   ุณฺฉ ุชุงูฺฏ (907-618) ุงูุฑ ุณููฺฏ (12โฆ,FALSE,0,NA,2022-12-02T06:38:55Z,FALSE,NA,1598567370598981634,NA,"<a href=""http://twitter.com/download/iphone"" rel=""nofollow"">Twitter for iPhone</a>",AliHumdani,5,TRUE,FALSE,NA,NA
RT @XinhuaUrdu: ฺู ฺฉ ูุดุฑู ุตูุจ ุฌุงูฺฏ ุณู ูฺบ ูุฏู ุณฺฉูฺบ ฺฉุง ุงฺฉ ุฐุฎุฑ ุฏุฑุงูุช ูุง  ุฌุณ ฺฉุง ูุฒู 1.5 ูนู   ุณฺฉ ุชุงูฺฏ (907-618) ุงูุฑ ุณููฺฏ (12โฆ,FALSE,0,NA,2022-12-02T04:45:03Z,FALSE,NA,1598538712522149888,NA,"<a href=""http://twitter.com/download/android"" rel=""nofollow"">Twitter for Android</a>",periqlytos,5,TRUE,FALSE,NA,NA
"@Ligang2020 
@CaoYi_MFA https://t.co/3vM5yDjD1v",FALSE,0,Ligang2020,2022-12-02T04:45:00Z,FALSE,NA,1598538703000854528,1227525748732256257,"<a href=""http://twitter.com/download/android"" rel=""nofollow"">Twitter for Android</a>",periqlytos,0,FALSE,FALSE,NA,NA
ฺู ฺฉ ูุดุฑู ุตูุจ ุฌุงูฺฏ ุณู ูฺบ ูุฏู ุณฺฉูฺบ ฺฉุง ุงฺฉ ุฐุฎุฑ ุฏุฑุงูุช ูุง  ุฌุณ ฺฉุง ูุฒู 1.5 ูนู   ุณฺฉ ุชุงูฺฏ (907-618) ุงูุฑโฆ https://t.co/1fsjwejXXY,FALSE,14,NA,2022-12-02T04:35:00Z,TRUE,NA,1598536183834894337,NA,"<a href=""https://mobile.twitter.com"" rel=""nofollow"">Twitter Web App</a>",XinhuaUrdu,5,FALSE,FALSE,NA,NA
ฺฉูุง ู ุชุงุฒ ูพุฏุงูุงุฑ ฺฉ ุจุฑุขูุฏ ฺฉ ู ูุงุฆูนู ุณููนุฑ ฺฉ ุถุฑูุฑุงุช ูพุฑ ุฏุณุชุฎุท ุดุฏ ูพุฑููนูฺฉูู ฺฉ ููุงุฐ ฺฉ ุจุนุฏยยุงฺฏุณุช ูฺบ ฺูโฆ https://t.co/R8xjmz08Hs,FALSE,2,NA,2022-12-01T17:45:00Z,TRUE,NA,1598372606398308352,NA,"<a href=""https://mobile.twitter.com"" rel=""nofollow"">Twitter Web App</a>",XinhuaUrdu,0,FALSE,FALSE,NA,NA
ุงฺฉ ุชุฑฺฉ ุตุญุงู ู ฺฉุง  ฺฉ ฺฉููฺ-19 ฺฉ ุฎูุงู ฺู ฺฉ ูฺุงุฆ ู ุฌุงูฺบ ุจฺุงุฆ ฺบ ุงูุฑ ูุนุงุด ุชุฑู ฺฉู ูู ุจูุงุง โฆ https://t.co/7vnNApXvMB,FALSE,1,NA,2022-12-01T17:34:01Z,TRUE,NA,1598369843430195200,NA,"<a href=""https://mobile.twitter.com"" rel=""nofollow"">Twitter Web App</a>",XinhuaUrdu,0,FALSE,FALSE,NA,NA
"RT @NadeemIrfan18: @mkatju @JashneRekhta Jahapanah, 

Politicians have constructed Shamshan and Qabristan and all are equally welcome. ๐๐๐โฆ",FALSE,0,NA,2022-12-01T16:27:06Z,FALSE,NA,1598353003278667776,NA,"<a href=""http://twitter.com/download/android"" rel=""nofollow"">Twitter for Android</a>",NadeemIrfan18,3,TRUE,FALSE,NA,NA
"@mkatju @JashneRekhta Jahapanah, 

Politicians have constructed Shamshan and Qabristan and all are equally welcome.โฆ https://t.co/VVhN5ey2Bl",FALSE,1,mkatju,2022-12-01T16:26:56Z,TRUE,1598110703713669121,1598352962556170240,561335546,"<a href=""http://twitter.com/download/android"" rel=""nofollow"">Twitter for Android</a>",NadeemIrfan18,3,FALSE,FALSE,NA,NA
ุงููุงู ูุชุญุฏ ฺฉ ุณฺฉุฑูนุฑ ุฌูุฑู ุงูุชููู ฺฏูุชุฑุณ ู ฺฉุง  ฺฉ ุงูฺบ ฺู ฺฉ ุณุงุจู ุตุฏุฑ ุฌุงูฺฏ ฺูู ฺฉ ุงูุชูุงู ฺฉ ุฎุจุฑ ุณู ฺฉุฑ ุจุชโฆ https://t.co/KslXTTs5oY,FALSE,2,NA,2022-12-01T15:00:00Z,TRUE,NA,1598331083929444353,NA,"<a href=""https://mobile.twitter.com"" rel=""nofollow"">Twitter Web App</a>",XinhuaUrdu,0,FALSE,FALSE,NA,NA
ููุฒ ููฺ ูฺบ ฺู ฺฉ ุณูุงุฑุช ุฎุงู ู ฺู ุงูุฑ ููุฒ ููฺ ฺฉ ุฏุฑูุงู ุณูุงุฑุช ุชุนููุงุช ฺฉ ูุงู ฺฉ 50 ูฺบ ุณุงูฺฏุฑ ฺฉ ูููุน ูพุฑโฆ https://t.co/idaBeQPVyY,FALSE,2,NA,2022-12-01T14:33:00Z,TRUE,NA,1598324287903043584,NA,"<a href=""https://mobile.twitter.com"" rel=""nofollow"">Twitter Web App</a>",XinhuaUrdu,0,FALSE,FALSE,NA,NA
ุชูุฒุงู ฺฉ ููุฌูุงู ุณุงููน ูุฆุฑ ุงูุฌูุฆุฑ ุฌูุงู ููนุงูุจุงูฺฉ ุงูพู ููฺฉ ฺฉู ุงฺฉ ูนฺฉูุงููุฌยูุฑฺฉุฒ ุจูุงู ฺฉ ุจุงุฑ ูฺบ ุณูฺุช ูุฆ ุฌุงฺฏโฆ https://t.co/pcrh8nDO6x,FALSE,2,NA,2022-12-01T14:28:39Z,TRUE,NA,1598323194347372546,NA,"<a href=""https://mobile.twitter.com"" rel=""nofollow"">Twitter Web App</a>",XinhuaUrdu,0,FALSE,FALSE,NA,NA
ุจู ุงูุงููุงู ุงููููพฺฉ ฺฉููน ( ุขุฆ ุงู ุณ ) ู ุงููููพฺฉ ุณุฑูุงุฆ ฺฏูุฒ  ุจุฌูฺฏ 2022 ูฺบ  ุงููููพฺฉ ูฺุง  ฺฉ ุญููู ุฑฺฉฺพู ูุงู ุณุฑฺฉโฆ https://t.co/9WoDsIEzg9,FALSE,4,NA,2022-12-01T14:00:02Z,TRUE,NA,1598315993444614146,NA,"<a href=""https://mobile.twitter.com"" rel=""nofollow"">Twitter Web App</a>",XinhuaUrdu,0,FALSE,FALSE,NA,NA
ฺู ฺฉ ูพู ุทุจ ูนู ู ุณููููู ุฌุฒุงุฆุฑ  ฺฉ ูุบุฑุจ ุตูุจ ฺฉ ุฏุงุฑุงูุญฺฉููุช ฺฏุฒู ูฺบ ููฺฏูฺบ ฺฉู ุตุญุช ฺฉ ููุช ุฎุฏูุงุช ูุฑุงู ฺฉ ฺบ โฆ https://t.co/8m6WYc3hjH,FALSE,3,NA,2022-12-01T13:45:00Z,TRUE,NA,1598312208190038019,NA,"<a href=""https://mobile.twitter.com"" rel=""nofollow"">Twitter Web App</a>",XinhuaUrdu,0,FALSE,FALSE,NA,NA
ฺู ฺฉ  ฺฺพููฺฏ ฺฺพูฺฏ ูฺบ ุงูพุฑู ุณ ุงฺฉุชูุจุฑ ฺฉ ุฏุฑูุงู ฺฉฺพุฏุงุฆ ฺฉ ุงฺฉ ููุตูุจ ฺฉ ุฏูุฑุงู ูุงุฑู ุขุซุงุฑ ูุฏู ู ูุฏู ุซูุงูุช ุจุงูโฆ https://t.co/teAWJP0h61,FALSE,0,NA,2022-12-01T13:26:00Z,TRUE,NA,1598307426356240385,NA,"<a href=""https://mobile.twitter.com"" rel=""nofollow"">Twitter Web App</a>",XinhuaUrdu,0,FALSE,FALSE,NA,NA
"ฺู ูุฒุงุฑุช ุฎุงุฑุฌ ฺฉ ุชุฑุฌูุงู ู ฺฉุง  ฺฉ ฺฉูฺุง ฺฉู ููุฑ ุทูุฑ ูพุฑ ฺู ฺฉู ุจุฏูุงู ุงูุฑ ุนูุงู ฺฉู ฺฏูุฑุง ฺฉุฑูุง ุจูุฏ ฺฉุฑูุง ฺุงุฆ
ุชโฆ https://t.co/WjFIFXdxap",FALSE,4,NA,2022-12-01T12:58:00Z,TRUE,NA,1598300380240130048,NA,"<a href=""https://mobile.twitter.com"" rel=""nofollow"">Twitter Web App</a>",XinhuaUrdu,0,FALSE,FALSE,NA,NA
ฺู ูุฒุงุฑุช ุฎุงุฑุฌ ฺฉ ุชุฑุฌูุงู ู ฺฉุง  ฺฉ ุงูุฑฺฉ ฺฉู ุงูพู ุฌูุฑ ูพุงูุณ ูพุฑ ุณูุฌุฏฺฏ ุณ ุบูุฑ ฺฉุฑูุง ุงูุฑ ุฌูุฑ ุชุฎูู ุงุณูุญ ูโฆ https://t.co/hNTjSIpwoy,FALSE,1,NA,2022-12-01T12:35:00Z,TRUE,NA,1598294592473931780,NA,"<a href=""https://mobile.twitter.com"" rel=""nofollow"">Twitter Web App</a>",XinhuaUrdu,0,FALSE,FALSE,NA,NA
ุงฺฉ ูพุงฺฉุณุชุงู ุงูุฌูุฆุฑุ ูุดุฑู ฺู ฺฉ ุดุฑ ู ฺฉ ุงฺฉ ฺู ูนฺฉ ูุฑู ฺฉุง ุฏูุฑ ฺฉุฑ ุฑุง  ุชุงฺฉ  ุฌุงู ุณฺฉ ฺฉ ฺฉูุงููนู ฺฉููพููนุฑโฆ https://t.co/MEE6LuIwcn,FALSE,2,NA,2022-12-01T12:10:46Z,TRUE,NA,1598288492949164032,NA,"<a href=""https://mobile.twitter.com"" rel=""nofollow"">Twitter Web App</a>",XinhuaUrdu,0,FALSE,FALSE,NA,NA
ุจุฌูฺฏ ฺฉ  ูููุณูพู ุตุญุช  ุญฺฉุงู  ฺฉ ูุทุงุจู ุณุงู 2022 ฺฉ ูพู 10 ูุง ฺฉ ุฏูุฑุงู  ุงฺ ุขุฆ ู/ ุงฺุฒ ฺฉ ูุฆ ฺฉุณุฒ ูฺบ ฺฏุฒุดุช ุณุงูโฆ https://t.co/egycZ2nagt,FALSE,1,NA,2022-12-01T12:02:41Z,TRUE,NA,1598286458447859715,NA,"<a href=""https://mobile.twitter.com"" rel=""nofollow"">Twitter Web App</a>",XinhuaUrdu,0,FALSE,FALSE,NA,NA
ฺู ฺฉ ุตุฏุฑ ุงูุฑ ฺฉูููุณูน ูพุงุฑูน ุขู ฺุงุฆู ฺฉ ูุฑฺฉุฒ ฺฉููน ฺฉ ุฌูุฑู ุณฺฉุฑูนุฑ ุด ุฌู ูพฺพูฺฏ ู ูุงุคุณ ฺฉ ุตุฏุฑ ุงูุฑ ูุงุค ูพูพูุฒ ุฑูููุดโฆ https://t.co/4JMrhmaGCD,FALSE,1,NA,2022-12-01T11:43:53Z,TRUE,NA,1598281729382424576,NA,"<a href=""https://mobile.twitter.com"" rel=""nofollow"">Twitter Web App</a>",XinhuaUrdu,0,FALSE,FALSE,NA,NA
RT @XinhuaUrdu: ูพุงฺฉุณุชุงู ุทูุจุง ฺฉ ูุฆ ฺู ูููุฑุณูน ฺฉ ุฌุงูุจ ุณ ุง ฺฉุงูุฑุณ ุชุฑุจุจุช ูุฑุงู https://t.co/8ZIbMGHrkr,FALSE,0,NA,2022-12-01T08:16:06Z,FALSE,NA,1598229439447539712,NA,"<a href=""https://mobile.twitter.com"" rel=""nofollow"">Twitter Web App</a>",ShahabShabir3,1,TRUE,FALSE,NA,NA
ูพุงฺฉุณุชุงู ุทูุจุง ฺฉ ูุฆ ฺู ูููุฑุณูน ฺฉ ุฌุงูุจ ุณ ุง ฺฉุงูุฑุณ ุชุฑุจุจุช ูุฑุงู https://t.co/8ZIbMGHrkr,FALSE,5,NA,2022-12-01T08:05:31Z,FALSE,NA,1598226777046159360,NA,"<a href=""https://mobile.twitter.com"" rel=""nofollow"">Twitter Web App</a>",XinhuaUrdu,1,FALSE,FALSE,NA,NA
RT @XinhuaUrdu: ฺู ูนู ฺฉุงู ุ ุขู ูุงุฆู ูุฑุงฺ ุณ ูููนู ฺฉูุฆ ูุฆ ูุงููู ฺฉุง ููุงุฐ ฺฉุฑฺฏุง https://t.co/04sxep33SS,FALSE,0,NA,2022-12-01T07:07:58Z,FALSE,NA,1598212290607992832,NA,"<a href=""https://mobile.twitter.com"" rel=""nofollow"">Twitter Web App</a>",AliHumdani,1,TRUE,FALSE,NA,NA
ุงูุฑฺฉ ฺฉ ุจูุงุฑ ฺฉ ฺฉููนุฑูู ุงูุฑ ุฑูฺฉ ุชฺพุงู ฺฉ ูุฑุงฺฉุฒ (ุณ ฺ ุณ) ฺฉ ุฌุงุฑ ฺฉุฑุฏ ุงุนุฏุงุฏ ู ุดูุงุฑ ฺฉ ูุทุงุจูุ ุงูุฑฺฉ ูฺบ ุชุงุฒ ุชุฑโฆ https://t.co/oifQAsNwDO,FALSE,1,NA,2022-12-01T06:11:12Z,TRUE,NA,1598198006880546819,NA,"<a href=""https://mobile.twitter.com"" rel=""nofollow"">Twitter Web App</a>",XinhuaUrdu,0,FALSE,FALSE,NA,NA
ฺู ูนู ฺฉุงู ุ ุขู ูุงุฆู ูุฑุงฺ ุณ ูููนู ฺฉูุฆ ูุฆ ูุงููู ฺฉุง ููุงุฐ ฺฉุฑฺฏุง https://t.co/04sxep33SS,FALSE,4,NA,2022-12-01T04:30:00Z,FALSE,NA,1598172538483355649,NA,"<a href=""https://mobile.twitter.com"" rel=""nofollow"">Twitter Web App</a>",XinhuaUrdu,1,FALSE,FALSE,NA,NA
ุจุฌูฺฏ ูฺบ ุตุญุช ฺฉ ูฺฏุฑุงฺบ ุงุชฺพุงุฑูน ู ููุงู ุขุจุงุฏูฺบ ูฺบ ฺฉููฺ ุณ ูุชุนูู ุทุจ ฺฉฺุฑ ฺฉู ุชูู ฺฉุฑู ฺฉ ูุธุงู ฺฉุง ุฌุงุฆุฒ ูุง https://t.co/UQXsG5k9pM,FALSE,1,NA,2022-11-30T16:16:30Z,FALSE,NA,1597987948406136833,NA,"<a href=""https://mobile.twitter.com"" rel=""nofollow"">Twitter Web App</a>",XinhuaUrdu,0,FALSE,FALSE,NA,NA
"RT @qaisernawab098: My op-ed titled ""BRI; Chinese Economic Diplomacy in 21st Century"" published in ""Daily Times"". 

@BBhuttoZardari @sherryโฆ",FALSE,0,NA,2022-11-30T15:33:07Z,FALSE,NA,1597977030704132097,NA,"<a href=""http://twitter.com/download/android"" rel=""nofollow"">Twitter for Android</a>",shamsZaman_72,1,TRUE,FALSE,NA,NA
@XinhuaUrdu ๐๐,FALSE,0,XinhuaUrdu,2022-11-30T14:59:45Z,FALSE,1597945242572898306,1597968632990298112,1260483335635247112,"<a href=""http://twitter.com/download/iphone"" rel=""nofollow"">Twitter for iPhone</a>",Apna18821324,0,FALSE,FALSE,NA,NA
ูุงู ุงุญูุฑ ฺฉ ุจู ุงูุงููุงู ฺฉููน (ุขุฆ ุณ ุขุฑ ุณ) ฺฉ ฺุงุฆุฑฺฉูนุฑ ุขูพุฑุดูุฒ ูุงุฑูนู ุดูพ ู ฺฉุง  ฺฉ ุงูุฑฺฉ ฺฉ ุฌุงูุจ ุณ ุงูุบุงูุณุชโฆ https://t.co/TQg1uakioH,FALSE,3,NA,2022-11-30T14:59:08Z,TRUE,NA,1597968476492398593,NA,"<a href=""https://mobile.twitter.com"" rel=""nofollow"">Twitter Web App</a>",XinhuaUrdu,0,FALSE,FALSE,NA,NA
"https://t.co/wktISdRyPW 
@geonews_urdu @DunyaNews @CathayPak @XinhuaUrdu @zlj517 @TrEmbIslamabad @TurkeyUrduโฆ https://t.co/MAF1THvUN0",FALSE,2,NA,2022-11-30T14:16:25Z,TRUE,NA,1597957729490173952,NA,"<a href=""https://mobile.twitter.com"" rel=""nofollow"">Twitter Web App</a>",Kashmirstate,0,FALSE,FALSE,NA,NA
ฺู ฺฉ ุณูฺฉุงูฺฏ ูุบูุฑ ุฎูุฏูุฎุชุงุฑ ุนูุงู ฺฉ ุฏุงุฑุงูุญฺฉููุช ุงูุฑููฺ ูฺบ ุนูุงู ูนุฑุงูุณูพูุฑูน ุงูุฑ ุจูุงุฏ ุถุฑูุฑุงุช ุฒูุฏฺฏ ุณ ูุชุนูู ฺฉุงโฆ https://t.co/AQtuIJKldx,FALSE,0,NA,2022-11-30T14:03:32Z,TRUE,NA,1597954485015699457,NA,"<a href=""https://mobile.twitter.com"" rel=""nofollow"">Twitter Web App</a>",XinhuaUrdu,0,FALSE,FALSE,NA,NA
"ฺู ฺฉุง ุงูุณุงู ุจุฑุฏุงุฑ ุฎูุงุฆ ุฌุงุฒ ุดู ฺู 15 ุฎูุงุฆ ุงุณูนุดู ุณ ููุณูฺฉ ูฺฏุง
ฺุงุฆู ููฺ ุงุณูพุณ ุงุฌูุณ ู ุจุชุงุง ฺฉ ุงุณ ุณุงุฑ ุนูโฆ https://t.co/Ksu5Rtg4eN",FALSE,3,NA,2022-11-30T13:56:04Z,TRUE,NA,1597952604302376962,NA,"<a href=""https://mobile.twitter.com"" rel=""nofollow"">Twitter Web App</a>",XinhuaUrdu,0,FALSE,FALSE,NA,NA
ฺู ุณุงุจู ุฑููุง ุฌุงูฺฏ ฺูู 96 ุณุงู ฺฉ ุนูุฑ ูฺบ ุงูุชูุงู ฺฉุฑฺฏุฆ https://t.co/WvjUfSJ8rl,FALSE,3,NA,2022-11-30T13:26:48Z,FALSE,NA,1597945242572898306,NA,"<a href=""https://mobile.twitter.com"" rel=""nofollow"">Twitter Web App</a>",XinhuaUrdu,0,FALSE,FALSE,NA,NA
ุจุฑุทุงู ฺฉ ุงุนููฐ ุชุฑู ุนุฏุงูุช ู ุจุฏฺพ ฺฉ ุฑูุฒ ูุตู ุณูุงุง  ฺฉ ุณฺฉุงูน ููฺ ฺฉู ุจุฑุทุงู ฺฉ ูพุงุฑููููน ฺฉ ููุธูุฑ ฺฉ ุจุบุฑ ุขุฒุงุฏโฆ https://t.co/Fezr3emsnW,FALSE,0,NA,2022-11-30T13:20:05Z,TRUE,NA,1597943550444208128,NA,"<a href=""https://mobile.twitter.com"" rel=""nofollow"">Twitter Web App</a>",XinhuaUrdu,0,FALSE,FALSE,NA,NA
ุจุฑุทุงู ฺฉ ุงุนููฐ ุชุฑู ุนุฏุงูุช ู ุจุฏฺพ ฺฉ ุฑูุฒ ูุตู ุณูุงุง  ฺฉ ุณฺฉุงูน ููฺ ฺฉู ุจุฑุทุงู ฺฉ ูพุงุฑููููน ฺฉ ููุธูุฑ ฺฉ ุจุบุฑ ุขุฒุงุฏโฆ https://t.co/bm8cmTRSxO,FALSE,0,NA,2022-11-30T13:19:48Z,TRUE,NA,1597943480768090115,NA,"<a href=""https://mobile.twitter.com"" rel=""nofollow"">Twitter Web App</a>",XinhuaUrdu,0,FALSE,FALSE,NA,NA
ฺู ฺฉุง ฺุงุฆ ุจูุงู ฺฉุง ุฑูุงุช ุทุฑู ฺฉุงุฑ ููุณฺฉู ฺฉ ุซูุงุช ูุฑุซ ูุฑุณุช ูฺบ ุดุงูู https://t.co/Rlgyp6Ec7G,FALSE,2,NA,2022-11-30T13:08:13Z,FALSE,NA,1597940566049759233,NA,"<a href=""https://mobile.twitter.com"" rel=""nofollow"">Twitter Web App</a>",XinhuaUrdu,0,FALSE,FALSE,NA,NA
ฺู ฺฉ ุฌููุจ ูุบุฑุจ ุตูุจ ูู ูุงู ฺฉ ุซูุงูุช ุงูุฑ ุณุงุญุช ุญฺฉุงู ู ุญุงู  ูฺบ ฺฉุงู ฺฉ ูุณุงุฆู ุจุงุฑ ุงุนููฐ ูุนุงุฑ ฺฉ ุณุงุญุช ุชุฑูโฆ https://t.co/9NYOdDW1Oj,FALSE,3,NA,2022-11-30T12:21:23Z,TRUE,NA,1597928776838832128,NA,"<a href=""https://mobile.twitter.com"" rel=""nofollow"">Twitter Web App</a>",XinhuaUrdu,0,FALSE,FALSE,NA,NA
ฺู 4 ุฏุณูุจุฑ ฺฉู 9 ูฺบ  ููู ูู ุฏุณุชูุฑ ูพุฑ ููฺฉ ฺฉ ุขุฆู ุจุงุฑ ุนูุงู ุดุนูุฑ ุจุชุฑ ุจูุงู ฺฉ ูุฆ ุงฺฉ ูู ุดุฑูุน ฺฉุฑุฑุง ุฌู ุงฺฉ โฆ https://t.co/YeJqc5PhmZ,FALSE,2,NA,2022-11-30T11:42:22Z,TRUE,NA,1597918960217108481,NA,"<a href=""https://mobile.twitter.com"" rel=""nofollow"">Twitter Web App</a>",XinhuaUrdu,0,FALSE,FALSE,NA,NA
RT @XinhuaUrdu: ฺู ุณูุฑ ฺฉุง  ุดุงู ฺฉ ุฎูุฏูุฎุชุงุฑุ ุนูุงูุงุฆ ุณุงููุช ฺฉ ุชุญูุธ ูพุฑ ุฒูุฑ https://t.co/lObZ3GU532,FALSE,0,NA,2022-11-30T11:09:18Z,FALSE,NA,1597910637212225539,NA,"<a href=""http://twitter.com/download/iphone"" rel=""nofollow"">Twitter for iPhone</a>",AliHumdani,1,TRUE,FALSE,NA,NA
ฺู ุญฺฉููุช ู ุงูพู ูุนูุฑ ุขุจุงุฏ ูฺบ ูุงุฆุฑุณ ูฺฉุณ ูุดู ฺฉู ุชุฒ ฺฉุฑู ฺฉ ูุฆ ุงฺฉ ููุตูุจ ุฌุงุฑ ฺฉุฑุฏุง  ุฌุณ ฺฉุง ููุตุฏ ุงุณ ฺฉูุฒูุฑโฆ https://t.co/D0bU60EDBi,FALSE,3,NA,2022-11-30T10:59:58Z,TRUE,NA,1597908287248531456,NA,"<a href=""https://mobile.twitter.com"" rel=""nofollow"">Twitter Web App</a>",XinhuaUrdu,0,FALSE,FALSE,NA,NA
ฺู ฺฉ ููุงู ุทูุฑ ูพุฑ ุชุงุฑ ฺฉุฑุฏ ุณ 919 ุจฺ ุทุงุฑ ฺฉู ูพุฏุงูุงุฑ ฺฉุง ุณุฑูนูฺฉูน ูู ฺฏุง ุ ุฌุณ ฺฉ ุจุนุฏ  ุงุจ ุจฺ ูพูุงู ูพุฑ ูพุฏโฆ https://t.co/b2ZZgOVm87,FALSE,8,NA,2022-11-30T10:25:59Z,TRUE,NA,1597899735788290048,NA,"<a href=""https://mobile.twitter.com"" rel=""nofollow"">Twitter Web App</a>",XinhuaUrdu,0,FALSE,FALSE,NA,NA
ฺู ุณูุฑ ฺฉุง  ุดุงู ฺฉ ุฎูุฏูุฎุชุงุฑุ ุนูุงูุงุฆ ุณุงููุช ฺฉ ุชุญูุธ ูพุฑ ุฒูุฑ https://t.co/lObZ3GU532,FALSE,0,NA,2022-11-30T09:52:07Z,FALSE,NA,1597891214539649024,NA,"<a href=""https://mobile.twitter.com"" rel=""nofollow"">Twitter Web App</a>",XinhuaUrdu,1,FALSE,FALSE,NA,NA
ฺู ฺฉ ุดู ฺู-15 ุฎูุงุฆ ุฌุงุฒ ูพุฑ ุณูุงุฑ 3  ุฎูุงุจุงุฒ ููฺฉ ฺฉ ุฎูุงุฆ ุงุณูนุดู ูฺบ ุฏุงุฎู ูุฆ ุงูุฑ 3 ุฏฺฏุฑ ุฎูุงุจุงุฒูฺบ ุณ ููุงูุงุช ฺฉ โฆ https://t.co/MbHWmJpjxE,FALSE,0,NA,2022-11-30T09:01:42Z,TRUE,NA,1597878525079744512,NA,"<a href=""https://mobile.twitter.com"" rel=""nofollow"">Twitter Web App</a>",XinhuaUrdu,0,FALSE,FALSE,NA,NA
ุจู ุงูุงููุงู ูุงุฑู ู ฺู ฺฉ ุชุฒ ุฑูุชุงุฑ ูุงุญูู ุฏูุณุช ุชุจุฏู ฺฉู ุจุช ุณุฑุงุง ุ ุงูุฑ ฺฉุง  ฺฉ ฺู ฺฉ ูนฺพูุณ ูุงุญูู ุฏูุณุช ุชุฑูโฆ https://t.co/ViP3zzjujq,FALSE,0,NA,2022-11-30T08:54:09Z,TRUE,NA,1597876626234040320,NA,"<a href=""https://mobile.twitter.com"" rel=""nofollow"">Twitter Web App</a>",XinhuaUrdu,0,FALSE,FALSE,NA,NA
"ุจูฺฏู ุฏุด ฺฉ ุฏุงุฑุงูุญฺฉููุช ฺฺพุงฺฉ ฺฉ ุจุงุฒุงุฑูฺบ ูฺบ ุขูุฏ ููุณู ุณุฑูุง ุณ ูุจู ุฎุฑุฏุงุฑ ุนุฑูุฌ ูพุฑ 
ุงุฑุฒุงฺบ ูู ุงูุฑ ูพุฑฺฉุดุด ฺุฒุงุฆูุฒโฆ https://t.co/JjtyOqgvTf",FALSE,0,NA,2022-11-30T04:35:00Z,TRUE,NA,1597811408200155136,NA,"<a href=""https://mobile.twitter.com"" rel=""nofollow"">Twitter Web App</a>",XinhuaUrdu,0,FALSE,FALSE,NA,NA
@XinhuaUrdu Dman you chinese . There was a time when dragon was sleeping amd now no one can open their eyes without tea,FALSE,0,XinhuaUrdu,2022-11-29T17:50:25Z,FALSE,1597602783670153217,1597649195170529280,1260483335635247112,"<a href=""http://twitter.com/download/iphone"" rel=""nofollow"">Twitter for iPhone</a>",akchohan,0,FALSE,FALSE,NA,NA
"My op-ed titled ""BRI; Chinese Economic Diplomacy in 21st Century"" published in daily ""Pakistan Observer"".โฆ https://t.co/21opHVFpUL",FALSE,2,NA,2022-11-29T16:57:42Z,TRUE,NA,1597635926477660160,NA,"<a href=""http://twitter.com/download/iphone"" rel=""nofollow"">Twitter for iPhone</a>",qaisernawab098,0,FALSE,FALSE,NA,NA
"My op-ed titled ""BRI; Chinese Economic Diplomacy in 21st Century"" published in ""Daily Times"". 

@BBhuttoZardariโฆ https://t.co/7hIBdMhBxe",FALSE,3,NA,2022-11-29T16:51:18Z,TRUE,NA,1597634316787277824,NA,"<a href=""http://twitter.com/download/iphone"" rel=""nofollow"">Twitter for iPhone</a>",qaisernawab098,1,FALSE,FALSE,NA,NA
ฺฉฺพููฺบ ฺฉ ุดุงุฆูู ุงูุฑุงุฏ ฺฉู ูพุฑุณ ุงููููพฺฉ ฺฏูุฒ 2024ุก ฺฉ ูนฺฉูน ุฎุฑุฏู ฺฉูุฆ ุฑูุงฺบ ูุช ูููุงู ูุฑุน ุงูุฏุงุฒ ูฺบ ุดุฑฺฉุช ฺฉุฑูุง ูพโฆ https://t.co/2ZLLklnwFZ,FALSE,3,NA,2022-11-29T15:35:00Z,TRUE,NA,1597615115217485824,NA,"<a href=""https://mobile.twitter.com"" rel=""nofollow"">Twitter Web App</a>",XinhuaUrdu,0,FALSE,FALSE,NA,NA
ููุณุทู ฺฉ ูุฒุฑ ุงุนุธู ูุญูุฏ ุงุดุช ู ุฎุจุฑุฏุงุฑ ฺฉุง  ฺฉ ุงุณุฑุงุฆู ูฺบ ุงูุชุงุฆ ุฏุงุฆฺบ ุจุงุฒู ฺฉ ุญฺฉููุช ฺฉ ุชุดฺฉู ุณ ูุบุฑุจ ฺฉูุงุฑโฆ https://t.co/xu6xT97MRi,FALSE,2,NA,2022-11-29T14:54:36Z,TRUE,NA,1597604949621624833,NA,"<a href=""https://mobile.twitter.com"" rel=""nofollow"">Twitter Web App</a>",XinhuaUrdu,0,FALSE,FALSE,NA,NA
@XinhuaUrdu With Dignity and honesty ๐๐จ๐ณ,FALSE,0,XinhuaUrdu,2022-11-29T14:47:38Z,FALSE,1597602783670153217,1597603195379134470,1260483335635247112,"<a href=""http://twitter.com/download/iphone"" rel=""nofollow"">Twitter for iPhone</a>",Apna18821324,0,FALSE,FALSE,NA,NA
ฺุงุฆ ฺู ุซูุงูุช ูฺบ ููุงุงฺบ ฺฉุฑุฏุงุฑ ุงุฏุง ฺฉุฑุช  ฺู ุฏูุง ฺฉ ุงุนููฐ ฺุงุฆ ูพุฏุง ฺฉุฑู ูุงู ููฺฉูฺบ ูฺบ ุณ ุงฺฉ  ุงูุฑ ฺุงุฆ  ฺฉโฆ https://t.co/dBaK9wtzru,FALSE,7,NA,2022-11-29T14:46:00Z,TRUE,NA,1597602783670153217,NA,"<a href=""https://mobile.twitter.com"" rel=""nofollow"">Twitter Web App</a>",XinhuaUrdu,0,FALSE,FALSE,NA,NA
ุงฺฉ ฺู ุงูุฌูุฆุฑูฺฏ ฺฉููพู ู ุงูุฌุฒุงุฆุฑ ฺฉ ุฏุงุฑุงูุญฺฉููุช ุงูุฌุฆุฑุฒ  ูฺบ ุงฺฉ ุณููุงุฑ ฺฉ ูุฒุจุงู ฺฉุ ุฌุณ ูฺบ ฺูุ ุงูุฌุฒุงุฆุฑ ุงูุฑ ุฏโฆ https://t.co/ZoAGhQvJYc,FALSE,3,NA,2022-11-29T14:34:55Z,TRUE,NA,1597599993283903495,NA,"<a href=""https://mobile.twitter.com"" rel=""nofollow"">Twitter Web App</a>",XinhuaUrdu,0,FALSE,FALSE,NA,NA
"ฺู ฺฉ ูุงุฌุณูนฺฉ ุดุนุจ ู ุฑูุงฺบ ุณุงู ฺฉ ุงุจุชุฏุงุฆ 10 ูุง ฺฉ ุฏูุฑุงู  ูุณุชุญฺฉู ููู ุฑูพูุฑูน ฺฉ 
ฺุงุฆู ูฺุฑุดู ุขู ูุง ุฌุณูนฺฉุณ ุงูฺ ูพโฆ https://t.co/kanBOUxveP",FALSE,0,NA,2022-11-29T14:18:00Z,TRUE,NA,1597595737210109955,NA,"<a href=""https://mobile.twitter.com"" rel=""nofollow"">Twitter Web App</a>",XinhuaUrdu,0,FALSE,FALSE,NA,NA
ุงููุงู ูุชุญุฏ ฺฉ ุณฺฉุฑูนุฑ ุฌูุฑู ุงูุชููู ฺฏูุชุฑุณ ู ุญุงุชุงุช ุชฺพุงุฑูฺบ ฺฉ ุชุจุง ฺฉู ุฑูฺฉู ฺฉ ู ุชู ุดุนุจูฺบ ูฺบ ฺฉุงุฑุฑูุงุฆ ฺฉุฑูโฆ https://t.co/ISVR98eihm,FALSE,1,NA,2022-11-29T13:48:00Z,TRUE,NA,1597588187253297157,NA,"<a href=""https://mobile.twitter.com"" rel=""nofollow"">Twitter Web App</a>",XinhuaUrdu,0,FALSE,FALSE,NA,NA
ฺู ฺฉ ูุณุท ุตูุจ ูุงู ฺฉ ฺฏุงุคฺบ ุงูฺฏ ุดุงุค ุณ 5ุฒุงุฑ ุณุงู ูุฏู ูฺฉุงูุงุช  ฺฉ ฺฉฺพูฺุฑุงุช ุฏุฑุงูุช ูุฆ ฺบ https://t.co/sM7gp2ZtSl,FALSE,2,NA,2022-11-29T13:20:00Z,FALSE,NA,1597581141086818305,NA,"<a href=""https://mobile.twitter.com"" rel=""nofollow"">Twitter Web App</a>",XinhuaUrdu,0,FALSE,FALSE,NA,NA
ฺู ฺฉ ุฌููุจ ุตูุจ ุงุฆ ูุงู ฺฉ ุณุงุญู ูุตุจ ุจูุขุค ูฺบ  ุจูุขุค ููุฑู ุจุฑุงุฆ ฺฉุงุฑูุจุงุฑ ุงูุฑุงุฏ 2022 ฺฉุง ูุฑฺฉุฒ ููุฑู ููุนูุฏ ูุง ููุฑโฆ https://t.co/9VXg9gqDIP,FALSE,1,NA,2022-11-29T12:52:00Z,TRUE,NA,1597574094404276224,NA,"<a href=""https://mobile.twitter.com"" rel=""nofollow"">Twitter Web App</a>",XinhuaUrdu,0,FALSE,FALSE,NA,NA
ฺู ู ฺฉูฺุง ฺฉ ุงุดุง ุจุญุฑุงูฺฉุงู ุฎุท ฺฉ ุณูุงุฑุช ุญฺฉูุช ุนูู ฺฉ ุณุฎุช ูุฎุงููุช ฺฉุฑุช ูุฆ ุงุณ ฺฉ ุจุงุฑ ูฺบ ุดุฏุฏ ุชุดูุด ฺฉุง ุงุธุงุฑโฆ https://t.co/WDkkwnOtyn,FALSE,1,NA,2022-11-29T12:25:00Z,TRUE,NA,1597567299585597440,NA,"<a href=""https://mobile.twitter.com"" rel=""nofollow"">Twitter Web App</a>",XinhuaUrdu,0,FALSE,FALSE,NA,NA
ูุณุท ฺู ฺฉ ุตูุจ ูุงู ฺฉ ุฑุงุฆุด ฺฉููฺ-19 ูุจุงุก ฺฉ ุชุงุฒ ุชุฑู ูุฑ ฺฉุง ููุงุจู ฺฉุฑู ฺฉ ู ูุชุญุฏ ู ฺฏุฆ ฺบ #GLOBALinkโฆ https://t.co/jmXHURXMcD,FALSE,3,NA,2022-11-29T11:59:00Z,TRUE,NA,1597560756689584128,NA,"<a href=""https://mobile.twitter.com"" rel=""nofollow"">Twitter Web App</a>",XinhuaUrdu,0,FALSE,FALSE,NA,NA
ฺู ุตุฏุฑ ุด ุฌู ูพฺพูฺฏ ุงูุฑ ููฺฏููุง ฺฉ ุตุฏุฑ ุงุฑุฎูุง ุฎูุฑูุณุฎ ฺฉ ุณุงุชฺพ ููุงูุงุช ูุฆ  https://t.co/wlSeC1i73n,FALSE,7,NA,2022-11-29T11:42:41Z,FALSE,NA,1597556649757396992,NA,"<a href=""https://mobile.twitter.com"" rel=""nofollow"">Twitter Web App</a>",XinhuaUrdu,0,FALSE,FALSE,NA,NA
ุจูฺฏู ุฏุด ูฺบ ุงฺฉ ฺู ฺฉููพู ฺฉ ุฌุงูุจ ุณ ุจูุงุฆ ุฌุงู ูุงู ุฒุฑู ุขุจ ุณุฑูฺฏ ฺฉ ุฌููุจ ูนูุจ ฺฉ ุณูู ูุฑฺฉุณ ฺฉุง ฺฉุงู ูฺฉูู ู ฺฏุง โฆ https://t.co/zbrjUtWuHQ,FALSE,1,NA,2022-11-29T11:31:29Z,TRUE,NA,1597553830857936897,NA,"<a href=""https://mobile.twitter.com"" rel=""nofollow"">Twitter Web App</a>",XinhuaUrdu,0,FALSE,FALSE,NA,NA
2022 ูุฑูฺ ุงููนุฑููน ุขู ุชฺพูฺฏุฒ (ุขุฆ ุงู ูน) ููุงุฆุด ุฌูุน ฺฉ ุฑูุฒ ูุดุฑู ฺู ฺฉ ุตูุจ ุฌุงูฺฏ ุณู ฺฉ ุดุฑ ููุด ูฺบ ุดุฑูุน ูุฆโฆ https://t.co/KuNgnh2vAJ,FALSE,0,NA,2022-11-29T11:00:59Z,TRUE,NA,1597546157026467841,NA,"<a href=""https://mobile.twitter.com"" rel=""nofollow"">Twitter Web App</a>",XinhuaUrdu,0,FALSE,FALSE,NA,NA
ุงููุฑ ุงุจุฑุงู ู ููุงุฆุดุง ฺฉ ูุฆ ูุฒุฑุงุนุธู ฺฉุงุญูู ุงูนฺพุง ูุง ุดููุง ฺฉ ููฺ ูููฺฏ ูุฆ ููู ุชูุตูุงุช ุจุงู ฺฉุฑ ุฑ ฺบโฆ https://t.co/wO2Yn7HTuS,FALSE,0,NA,2022-11-29T10:03:30Z,TRUE,NA,1597531691882381313,NA,"<a href=""https://mobile.twitter.com"" rel=""nofollow"">Twitter Web App</a>",XinhuaUrdu,0,FALSE,FALSE,NA,NA
ฺู ฺฉ ุดูุงู ุงูุฏุฑูู ููฺฏููุง ุฎูุฏุงุฎุชุงุฑ ุฎุท ฺฉ ูุณุง ููฺฉ ููฺฏููุง ฺฉ ุณุงุชฺพ 2022 ฺฉ ุงุจุชุฏุงุฆ 10 ูุง ฺฉ ุฏูุฑุงู ุบุฑ ููฺฉ ุชุฌโฆ https://t.co/uqGdmAHPJ8,FALSE,5,NA,2022-11-29T04:30:00Z,TRUE,NA,1597447761665851392,NA,"<a href=""https://mobile.twitter.com"" rel=""nofollow"">Twitter Web App</a>",XinhuaUrdu,0,FALSE,FALSE,NA,NA
